ISIN_BC;FISN;companyDomicile;Biodiversity;Environmental;Fossil fuels;Greenhouse gas emissions;Scoping according to SFDR annex template;Social;Waste;Water
AT0000774484_15;AMUNDI/AMU ETH FDS EVO A;Austria;1.0;1.0;0.0;1.0;0.3333333333333333;1.0;1.0;1.0
AT0000784756_3313;KEPLER FDS/KEPLER EURO PL RF A;Austria;0.0;0.0;0.0;0.0;0.0;0.0;0.0;0.0
AT0000785340_17;RAIFF KAG/RAI ESG GLO RENT R V;Austria;1.0;1.0;0.0;1.0;0.5;1.0;1.0;1.0
AT0000799804_3231;KEPLER FDS/KEPLER DOLLAR RF A USD;Austria;0.0;0.0;0.0;0.0;0.0;0.0;0.0;0.0
AT0000799820_3313;KEPLER FDS/KEPLER ETH QU AKTF A;Austria;1.0;0.0;0.0;1.0;0.5;0.0;1.0;1.0
AT0000799846_18;KEPLER FDS/KEPLER EUROPA RF A;Austria;0.0;0.0;0.0;0.0;0.0;0.0;0.0;0.0
AT0000799861_18;KEPLER FDS/KEPLER VORS RF A;Austria;1.0;0.0;0.0;1.0;0.5;1.0;1.0;1.0
AT0000801071_3230;AMUNDI/AMU OE SO MIX MOD T;Austria;1.0;1.0;0.0;1.0;0.3333333333333333;0.0;1.0;1.0
AT0000801097_3230;AMUNDI/AMUNDI MEGA TRENDS T;Austria;1.0;1.0;0.0;1.0;0.3333333333333333;0.0;1.0;1.0
AT0000802491_3230;EAM/YOU I GR PF 30 EUR R01 A;Austria;1.0;1.0;0.0;1.0;0.6666666666666666;1.0;1.0;1.0
AT0000803689_13;GUTM KAG/PRIME VAL GROW EUR R A;Austria;1.0;1.0;0.0;1.0;0.5;1.0;1.0;1.0
AT0000803697_3233;GUTM KAG/PRIME VAL GROW CHF A H;Austria;1.0;1.0;0.0;1.0;0.5;1.0;1.0;1.0
AT0000805221_2779;RAIFF KAG/RAIFF NACHH RENT R T;Austria;1.0;1.0;0.0;1.0;0.5;1.0;1.0;1.0
AT0000805486_2779;RAIFF KAG/RAI ESG GLO RENT R T;Austria;1.0;1.0;0.0;1.0;0.5;1.0;1.0;1.0
AT0000810056_3230;AMUNDI/KONZEPT ERTRAG AUSGEW A;Austria;1.0;1.0;0.0;1.0;0.3333333333333333;0.0;1.0;1.0
AT0000811286_3231;AMUNDI/AMU OEK SOZ DOLL BD T USD;Austria;1.0;1.0;0.0;1.0;0.3333333333333333;1.0;1.0;1.0
AT0000811336_3313;AMUNDI/KONZEPT ERTRAG AKT WELT A;Austria;1.0;1.0;0.0;1.0;0.3333333333333333;0.0;1.0;1.0
AT0000811344_3313;AMUNDI/KONZEPT ERTRAG AKT WELT T;Austria;1.0;1.0;0.0;1.0;0.3333333333333333;0.0;1.0;1.0
AT0000811351_3313;AMUNDI/KONZEPT ERTRAG DYN A;Austria;1.0;1.0;0.0;1.0;0.3333333333333333;0.0;1.0;1.0
AT0000811369_3230;AMUNDI/KONZEPT ERTRAG DYN T;Austria;1.0;1.0;0.0;1.0;0.3333333333333333;0.0;1.0;1.0
AT0000811666_3230;RAIFF KAG/RAIFF PAR14 ESG MIX R A;Austria;1.0;0.0;0.0;1.0;0.0;0.0;1.0;1.0
AT0000811674_3230;RAIFF KAG/RAIFF PAR14 ESG MIX R T;Austria;1.0;0.0;0.0;1.0;0.0;0.0;1.0;1.0
AT0000812698_3230;AMUNDI/AMUNDI GF VORS AKTIV A;Austria;1.0;1.0;0.0;1.0;0.3333333333333333;1.0;1.0;1.0
AT0000813068_3230;AMUNDI/AMUNDI MUENDEL BOND T;Austria;1.0;1.0;0.0;1.0;0.3333333333333333;1.0;1.0;1.0
AT0000815006_18;KEPLER FDS/KEPLER ETHIK RF A;Austria;1.0;1.0;0.0;1.0;0.5;1.0;1.0;1.0
AT0000817788_3230;KEPLER FDS/KEPLER EUROPA AKTFDS A;Austria;1.0;0.0;0.0;1.0;0.5;0.0;1.0;1.0
AT0000818885_3313;AMUNDI/AMU OE SO MIX AUS A;Austria;1.0;1.0;0.0;1.0;0.3333333333333333;0.0;1.0;1.0
AT0000820139_3313;RAIFF KAG/RAIFF MEG ESG AKT R A;Austria;1.0;0.0;0.0;1.0;0.5;0.0;1.0;1.0
AT0000822382_3230;AMUNDI/AMU OE SO MIX MOD A;Austria;1.0;1.0;0.0;1.0;0.3333333333333333;0.0;1.0;1.0
AT0000822408_17;AMUNDI/AMUNDI MEGA TRENDS A;Austria;1.0;1.0;0.0;1.0;0.3333333333333333;0.0;1.0;1.0
AT0000825468_3230;KEPLER FDS/KEPLER MIX SOLIDE A;Austria;0.0;0.0;0.0;0.0;0.0;0.0;0.0;0.0
AT0000825476_3230;KEPLER FDS/KEPLER MIX AUSGEW A;Austria;0.0;0.0;0.0;0.0;0.0;0.0;0.0;0.0
AT0000825484_3231;KEPLER FDS/KEPLER US AKTFDS A;Austria;1.0;0.0;0.0;1.0;0.5;0.0;1.0;1.0
AT0000825500_3230;KEPLER FDS/KEPLER MIX DYNAM A;Austria;0.0;0.0;0.0;0.0;0.0;0.0;0.0;0.0
AT0000828553_3313;KEPLER FDS/ALPEN PRBK AUSG STR T;Austria;0.0;0.0;0.0;0.0;0.0;0.0;0.0;0.0
AT0000856505_3230;AMUNDI/AMUNDI MUENDEL RENT A;Austria;1.0;1.0;0.0;1.0;0.3333333333333333;1.0;1.0;1.0
AT0000857008_3230;AMUNDI/AMUNDI GF EURO RENT A;Austria;1.0;1.0;0.0;1.0;0.3333333333333333;1.0;1.0;1.0
AT0000857024_3230;AMUNDI/AMUNDI MUENDEL BOND A;Austria;1.0;1.0;0.0;1.0;0.3333333333333333;1.0;1.0;1.0
AT0000857081_3231;AMUNDI/AMU OEK SOZ DOLL BD A USD;Austria;1.0;1.0;0.0;1.0;0.3333333333333333;1.0;1.0;1.0
AT0000857164_18;AMUNDI/AMUNDI ETHIK FONDS A;Austria;1.0;1.0;0.0;1.0;0.3333333333333333;1.0;1.0;1.0
AT0000859236_3230;RAIFF KAG/R 9 NACHH NOST FDS A;Austria;1.0;0.0;0.0;1.0;0.0;0.0;1.0;1.0
AT0000859509_2913;RAIFF KAG/RAIFF NACHH RENT R A;Austria;1.0;1.0;0.0;1.0;0.5;1.0;1.0;1.0
AT0000859582_14;RAIFF KAG/RAI ESG GLO RENT R A;Austria;1.0;1.0;0.0;1.0;0.5;1.0;1.0;1.0
AT0000859624_3230;RAIFF KAG/R 6 FONDS A;Austria;1.0;0.0;0.0;1.0;0.0;0.0;1.0;1.0
AT0000946488_3230;RAIFF KAG/R 42 FONDS A;Austria;1.0;0.0;0.0;1.0;0.0;0.0;1.0;1.0
AT0000947643_3230;AMUNDI/AMU OE SOZ NT Z AMB BD A;Austria;1.0;0.0;0.0;1.0;0.3333333333333333;0.0;1.0;1.0
AT0000948583_3230;RAIFF KAG/R 45 FONDS A;Austria;1.0;0.0;0.0;1.0;0.0;0.0;1.0;1.0
AT0000969787_18;KEPLER FDS/KEPLER VORS MIXFDS A;Austria;0.0;0.0;0.0;0.0;0.0;0.0;0.0;0.0
AT0000973029_14;GUTM KAG/PRIME VAL INC EUR R A;Austria;1.0;1.0;0.0;1.0;0.5;1.0;1.0;1.0
AT0000973037_3233;GUTM KAG/PRIME VAL INC CHF H A;Austria;1.0;1.0;0.0;1.0;0.5;1.0;1.0;1.0
BE0057843311_3313;Bel Por Eur ST/Ut Cl-C EUR;Belgium;1.0;0.0;0.0;0.8095238095238095;0.5;1.0;0.0;0.0
BE0142525329_3230;ML Eur oblig/Sh Cl-A EUR;Belgium;1.0;1.0;0.0;0.9047619047619048;0.5;1.0;1.0;1.0
BE0163900674_2731;Bel Eq Gl HC/Sh Cl-C USD;Belgium;1.0;0.0;0.0;0.8095238095238095;0.5;0.0;0.0;0.0
BE0163901680_3231;Bel Eq Gl HC/Sh Cl-C USD;Belgium;1.0;0.0;0.0;0.8095238095238095;0.5;0.0;0.0;0.0
BE0170209713_487;Bel Eq LB/Sh Cl-C EUR;Belgium;1.0;0.0;0.0;0.8095238095238095;0.5;0.0;0.0;0.0
BE0170210729_2732;Bel Eq LB/Sh Cl-C EUR;Belgium;1.0;0.0;0.0;0.8095238095238095;0.5;0.0;0.0;0.0
BE0174873795_487;Bel Sel P Wd Bd/Sh Cl-C EUR;Belgium;1.0;0.0;0.0;0.8095238095238095;0.5;1.0;0.0;0.0
BE0176734979_3231;Bel Eq RIT/Sh Cl-C USD;Belgium;1.0;0.0;0.0;0.8095238095238095;0.5;0.0;0.0;0.0
BE0176735018_491;Bel Eq RIT/Sh Cl-C USD;Belgium;1.0;0.0;0.0;0.8095238095238095;0.5;0.0;0.0;0.0
BE0940607956_487;Bel Eq Im/Sh Cl-C EUR;Belgium;0.0;0.0;0.0;0.0;0.0;0.0;0.0;0.0
BE0940608962_3230;Bel Eq Im/Sh Cl-C EUR;Belgium;0.0;0.0;0.0;0.0;0.0;0.0;0.0;0.0
BE0942872327_3313;Belfius Pl Bds/Ut Cl-C EUR;Belgium;0.0;0.0;0.0;0.0;0.0;0.0;0.0;0.0
BE0945529700_3313;Bel Eq Ch/Sh Cl-C EUR;Belgium;1.0;0.0;0.0;0.8095238095238095;0.5;0.0;0.0;0.0
BE0945530716_2732;Bel Eq Ch/Sh Cl-C EUR;Belgium;1.0;0.0;0.0;0.8095238095238095;0.5;0.0;0.0;0.0
BE0948877239_2732;Bel Eq Eu SM/Sh Cl-C EUR;Belgium;1.0;0.0;0.0;0.8095238095238095;0.5;0.0;1.0;1.0
BE0948878245_3313;Bel Eq Eu SM/Sh Cl-C EUR;Belgium;1.0;0.0;0.0;0.8095238095238095;0.5;0.0;1.0;1.0
BE6214508093_3313;Bel Eq Im/Sh Cl-Lock EUR;Belgium;0.0;0.0;0.0;0.0;0.0;0.0;0.0;0.0
BE6214509109_487;Bel Eq LB/Sh Cl-Lock EUR;Belgium;1.0;0.0;0.0;0.8095238095238095;0.5;0.0;0.0;0.0
BE6214512137_3231;Bel Eq Gl HC/Sh Cl-Lock USD;Belgium;1.0;0.0;0.0;0.8095238095238095;0.5;0.0;0.0;0.0
BE6214513143_3313;Bel Eq Ch/Sh Cl-Lock EUR;Belgium;1.0;0.0;0.0;0.8095238095238095;0.5;0.0;0.0;0.0
BE6214514158_491;Bel Eq RIT/Sh Cl-Lock USD;Belgium;1.0;0.0;0.0;0.8095238095238095;0.5;0.0;0.0;0.0
BE6253612228_3313;Bel Eq Ch/Sh Cl-R EUR;Belgium;1.0;0.0;0.0;0.8095238095238095;0.5;0.0;0.0;0.0
BE6253613234_3230;Bel Eq Eu SM/Sh Cl-I EUR;Belgium;1.0;0.0;0.0;0.8095238095238095;0.5;0.0;1.0;1.0
BE6253617276_2021;Bel Eq RIT/Sh Cl-I USD;Belgium;1.0;0.0;0.0;0.8095238095238095;0.5;0.0;0.0;0.0
BE6269801120_2732;ML Eur oblig/Sh Cl-A-Dis EUR;Belgium;1.0;1.0;0.0;0.9047619047619048;0.5;1.0;1.0;1.0
BE6275981817_9760;TT Wd ESG LEqIn/Sh Cl-A EUR;Belgium;0.0;0.0;0.0;0.0;0.0;0.0;0.0;0.0
BE6275985859_9760;TT Wd ESG LEqIn/Sh Cl-AH EUR;Belgium;0.0;0.0;0.0;0.0;0.0;0.0;0.0;0.0
BE6275990909_3313;TT Wd ESG LEqIn/Sh Cl-P EUR;Belgium;0.0;0.0;0.0;0.0;0.0;0.0;0.0;0.0
BE6275992921_3313;TT Wd ESG LEqIn/Sh Cl-PH EUR;Belgium;0.0;0.0;0.0;0.0;0.0;0.0;0.0;0.0
BE6275994943_9760;TT Wd ESG LEqIn/Sh Cl-I EUR;Belgium;0.0;0.0;0.0;0.0;0.0;0.0;0.0;0.0
BE6275995957_9760;TT Wd ESG LEqIn/Sh Cl-IH EUR;Belgium;0.0;0.0;0.0;0.0;0.0;0.0;0.0;0.0
BE6277606578_3313;Bel Sel P Wd Bd/Sh Cl-C EUR;Belgium;1.0;0.0;0.0;0.8095238095238095;0.5;1.0;0.0;0.0
BE6286677107_3230;Bel Por Eur ST/Ut Cl-P EUR;Belgium;1.0;0.0;0.0;0.8095238095238095;0.5;1.0;0.0;0.0
BE6286680135_487;Bel Por Eur ST/Ut Cl-V EUR;Belgium;1.0;0.0;0.0;0.8095238095238095;0.5;1.0;0.0;0.0
BE6286681141_3313;Bel Por Gl A Bd/Ut Cl-P EUR;Belgium;1.0;0.0;0.0;0.8095238095238095;0.5;1.0;0.0;0.0
BE6286682156_3313;Bel Por Gl A Bd/Ut Cl-V EUR;Belgium;1.0;0.0;0.0;0.8095238095238095;0.5;1.0;0.0;0.0
BE6286720535_3313;Bel Eq Ch/Sh Cl-R2 EUR;Belgium;1.0;0.0;0.0;0.8095238095238095;0.5;0.0;0.0;0.0
CH0281016474_393;Von Fd PenInYd/Ut Cl-A CHF;Switzerland;0.0;0.0;0.0;0.0;0.0;0.0;0.0;0.0
CH0281016656_393;Von Fd PenInYd/Ut Cl-NV CHF;Switzerland;0.0;0.0;0.0;0.0;0.0;0.0;0.0;0.0
CH0281017506_393;Von Fd PenInBal/Ut Cl-A CHF;Switzerland;0.0;0.0;0.0;0.0;0.0;0.0;0.0;0.0
CH0281018538_393;Von Fd PenInBal/Ut Cl-NV CHF;Switzerland;0.0;0.0;0.0;0.0;0.0;0.0;0.0;0.0
CH0294813131_393;Von Fd PenInYd/Ut Cl-I CHF;Switzerland;0.0;0.0;0.0;0.0;0.0;0.0;0.0;0.0
CH0294813149_393;Von Fd PenInBal/Ut Cl-I CHF;Switzerland;0.0;0.0;0.0;0.0;0.0;0.0;0.0;0.0
CH0297178714_205;JB EQEDEL CHF/Ut Cl-A CHF;Switzerland;0.0;0.0;0.0;0.0;0.0;0.0;0.0;0.0
CH0297178755_205;JB EQEDEL CHF/Ut Cl-B CHF;Switzerland;0.0;0.0;0.0;0.0;0.0;0.0;0.0;0.0
CH0297178771_205;JB EQEDEL CHF/Ut Cl-K CHF;Switzerland;0.0;0.0;0.0;0.0;0.0;0.0;0.0;0.0
CH0311188863_393;VesSwEMF/Ut Cl-A CHF;Switzerland;0.0;0.0;0.0;0.0;0.0;0.0;0.0;0.0
CH0311189556_393;VesSwEMF/Ut Cl-S CHF;Switzerland;0.0;0.0;0.0;0.0;0.0;0.0;0.0;0.0
CH0311189580_393;VesSwEMF/Ut Cl-AI CHF;Switzerland;0.0;0.0;0.0;0.0;0.0;0.0;0.0;0.0
CH0381682621_393;VesSwEMF/Ut Cl-AN CHF;Switzerland;0.0;0.0;0.0;0.0;0.0;0.0;0.0;0.0
CH0481373295_3233;JB EQEDEL CHF/Ut Cl-M CHF;Switzerland;0.0;0.0;0.0;0.0;0.0;0.0;0.0;0.0
CH0481373311_3313;JB EQEDEL CHF/Ut Cl-Ma CHF;Switzerland;0.0;0.0;0.0;0.0;0.0;0.0;0.0;0.0
CH0487357052_512;Var(CH)3ADEUSA/Ut Cl-G USD;Switzerland;0.0;0.0;0.0;0.09523809523809523;0.0;0.0;0.0;0.0
CH0487357136_393;Var(CH)3ADEUSA/Ut Cl-V CHF;Switzerland;0.0;0.0;0.0;0.09523809523809523;0.0;0.0;0.0;0.0
CH0487357144_393;Var(CH)3ADES/Ut Cl-G CHF;Switzerland;0.0;0.0;0.0;0.09523809523809523;0.0;0.0;0.0;0.0
CH0530164190_511;Var(CH)3ADEUSA/Ut Cl-V EUR;Switzerland;0.0;0.0;0.0;0.09523809523809523;0.0;0.0;0.0;0.0
CH0531747381_393;Var(CH)3ADES/Ut Cl-VE CHF CHF;Switzerland;0.0;0.0;0.0;0.09523809523809523;0.0;0.0;0.0;0.0
CH0531753587_393;Var(CH)3ADEUSA/Ut Cl-VE CHF CHF;Switzerland;0.0;0.0;0.0;0.09523809523809523;0.0;0.0;0.0;0.0
CH0578494418_393;Von Fd PenInYd/Ut Cl-YV CHF;Switzerland;0.0;0.0;0.0;0.0;0.0;0.0;0.0;0.0
CH0578494426_393;Von Fd PenInBal/Ut Cl-YV CHF;Switzerland;0.0;0.0;0.0;0.0;0.0;0.0;0.0;0.0
CH0584288531_393;Von Fd PenInBal/Ut Cl-S CHF;Switzerland;0.0;0.0;0.0;0.0;0.0;0.0;0.0;0.0
CH0584288564_393;Von Fd PenInBal/Ut Cl-AI CHF;Switzerland;0.0;0.0;0.0;0.0;0.0;0.0;0.0;0.0
CH0584288580_393;Von Fd PenInBal/Ut Cl-AN CHF;Switzerland;0.0;0.0;0.0;0.0;0.0;0.0;0.0;0.0
CH1189223345_205;JB EQEDEL CHF/Ut Cl-Kt CHF CHF;Switzerland;0.0;0.0;0.0;0.0;0.0;0.0;0.0;0.0
CH1240611561_512;Var(CH)3ADEUSA/Ut Cl-S CHF USD;Switzerland;0.0;0.0;0.0;0.09523809523809523;0.0;0.0;0.0;0.0
CH1240611579_393;Var(CH)3ADES/Ut Cl-S USD CHF;Switzerland;0.0;0.0;0.0;0.09523809523809523;0.0;0.0;0.0;0.0
DE0002605037_475;SEL.REND.PL./ CL I;Germany;0.0;0.0;0.0;0.23809523809523808;0.0;0.0;0.0;0.0
DE0008471301_2913;DWS BAL.PTFE/;Germany;0.0;0.0;0.0;0.47619047619047616;0.16666666666666666;0.0;0.0;0.0
DE0008471376_15;AXA WELT/;Germany;1.0;1.0;0.0;0.6190476190476191;0.16666666666666666;1.0;0.0;0.0
DE0008474008_2913;DWS ESG INVESTA/ CL LD;Germany;0.0;0.0;0.0;0.47619047619047616;0.16666666666666666;0.0;0.0;0.0
DE0008474024_2913;DWS ESG AKKUM./ CL LC;Germany;0.0;0.0;0.0;0.47619047619047616;0.16666666666666666;0.0;0.0;0.0
DE0008474032_2779;DWS EU.BD.FL/ CL LD;Germany;0.0;0.0;0.0;0.047619047619047616;0.16666666666666666;1.0;0.0;0.0
DE0008474057_2913;BAL.AKT.DWS/;Germany;0.0;0.0;0.0;0.047619047619047616;0.16666666666666666;0.0;0.0;0.0
DE0008474065_2779;BAL.REN.DWS/;Germany;0.0;0.0;0.0;0.047619047619047616;0.16666666666666666;0.0;0.0;0.0
DE0008474149_2913;DWS ART.INT./ CL ND;Germany;0.0;0.0;0.0;0.047619047619047616;0.16666666666666666;0.0;0.0;0.0
DE0008474156_2913;DWS EUR.OPP./ CL LD;Germany;0.0;0.0;0.0;0.047619047619047616;0.16666666666666666;0.0;0.0;0.0
DE0008474198_354;DWS ESG BALANCE/;Germany;0.0;0.0;0.0;0.47619047619047616;0.16666666666666666;0.0;0.0;0.0
DE0008474214_18;DWS GL TELE./ CL ND;Germany;0.0;0.0;0.0;0.047619047619047616;0.16666666666666666;0.0;0.0;0.0
DE0008474230_354;DWS EO FLEXI/ CL NC;Germany;0.0;0.0;0.0;0.047619047619047616;0.16666666666666666;0.0;0.0;0.0
DE0008474248_13;BARM.RENDITE/;Germany;0.0;0.0;0.0;0.23809523809523808;0.0;0.0;0.0;0.0
DE0008474263_2913;DWS ESG CON./ CL LD;Germany;0.0;0.0;0.0;0.47619047619047616;0.16666666666666666;0.0;0.0;0.0
DE0008474289_2913;DWS G.EQ.T.O/;Germany;0.0;0.0;0.0;0.047619047619047616;0.16666666666666666;0.0;0.0;0.0
DE0008474297_2779;BAL.INT.DWS/;Germany;0.0;0.0;0.0;0.047619047619047616;0.16666666666666666;0.0;0.0;0.0
DE0008476508_13;DWS FUTURE T/ CL LD;Germany;0.0;0.0;0.0;0.047619047619047616;0.16666666666666666;0.0;0.0;0.0
DE0008476516_2913;DWS EO BD FD/ CL LD;Germany;0.0;0.0;0.0;0.047619047619047616;0.16666666666666666;1.0;0.0;0.0
DE0008476524_2913;DWS VERM.I/ CL LD;Germany;0.0;0.0;0.0;0.047619047619047616;0.16666666666666666;0.0;0.0;0.0
DE0008476532_18;DWS CO.BD.FD/ CL LD;Germany;0.0;0.0;0.0;0.047619047619047616;0.16666666666666666;0.0;0.0;0.0
DE0008478058_2913;ODDOB.F.E.F./ CL DR-EUR;Germany;1.0;0.0;0.0;0.7619047619047619;0.3333333333333333;0.0;0.0;0.0
DE0008478082_18;ODDOBH.GR.BD/ CL CR-EUR;Germany;1.0;1.0;1.0;1.0;0.16666666666666666;1.0;1.0;1.0
DE0008478090_475;BASIS-FDS NHLT/;Germany;1.0;0.0;0.0;0.7619047619047619;0.3333333333333333;0.0;0.0;0.0
DE0008478116_2913;FMM-FONDS/ CL P EUR;Germany;1.0;1.0;0.0;1.0;0.0;0.5;1.0;1.0
DE0008480682_2779;LBBW RENT.EO/ CL R;Germany;1.0;0.0;0.0;0.23809523809523808;0.0;0.0;0.0;0.0
DE0008483678_2779;BW-RENTA-INT/;Germany;0.0;0.0;0.0;0.0;0.0;0.0;0.0;0.0
DE0008484502_18;W+W INTL REN/;Germany;0.0;0.0;0.0;0.0;0.0;0.0;0.0;0.0
DE0008484957_2779;AMNDI WNDLANLHN/;Germany;1.0;0.0;0.0;1.0;0.0;0.0;1.0;1.0
DE0008486655_2913;DWS C.GSP F./ CL LD;Germany;0.0;0.0;0.0;0.0;0.0;0.0;0.0;0.0
DE0008490822_2913;DWS ESGQILOWVEU/ CL NC;Germany;0.0;0.0;0.0;0.47619047619047616;0.16666666666666666;0.0;0.0;1.0
DE0008490848_2779;DWS EUROVESTA/;Germany;0.0;0.0;0.0;0.047619047619047616;0.16666666666666666;0.0;0.0;0.0
DE0008490897_13;DWS US GROWTH/;Germany;0.0;0.0;0.0;0.047619047619047616;0.16666666666666666;0.0;0.0;0.0
DE0008490962_2913;DWS DEUTSCHLAND/ CL LC;Germany;0.0;0.0;0.0;0.047619047619047616;0.16666666666666666;0.0;0.0;0.0
DE0008490988_2913;DWS GBL H.BD/ CL LD;Germany;0.0;0.0;0.0;0.047619047619047616;0.16666666666666666;0.0;0.0;0.0
DE0009752253_2913;MET.GL.GR.SU./;Germany;1.0;1.0;0.0;1.0;0.6666666666666666;1.0;1.0;1.0
DE0009752303_13;AM.GERM.EQUI/ CL A ND;Germany;1.0;0.0;0.0;1.0;0.3333333333333333;0.0;1.0;1.0
DE0009766832_14;LBBW GELDM.F/ CL R;Germany;0.0;0.0;0.0;0.0;0.0;0.0;0.0;0.0
DE0009766881_2779;LBBW MUL.GLO/ CL R;Germany;0.0;0.0;0.0;0.0;0.0;0.0;0.0;0.0
DE0009766964_19;LBBW R.EO.FL/;Germany;1.0;0.0;0.0;0.23809523809523808;0.0;0.0;0.0;0.0
DE0009769703_2779;DWS INTL RENT.O/ CL NC;Germany;0.0;0.0;0.0;0.047619047619047616;0.16666666666666666;1.0;0.0;0.0
DE0009769729_13;DWS TOP EUROPE/ CL LD;Germany;0.0;0.0;0.0;0.047619047619047616;0.16666666666666666;0.0;0.0;0.0
DE0009769760_2913;DWS TOPASIEN/ CL LC;Germany;0.0;0.0;0.0;0.47619047619047616;0.16666666666666666;0.0;0.0;0.0
DE0009769794_2779;DWS ESG TOP/;Germany;0.0;0.0;0.0;0.47619047619047616;0.16666666666666666;0.0;0.0;0.0
DE0009770206_13;ODDOBHF M.M./ CL CR-EUR;Germany;1.0;0.0;0.0;0.7619047619047619;0.0;0.0;0.0;0.0
DE0009771964_2779;LBBW SCH.P.N/;Germany;1.0;0.0;0.0;0.23809523809523808;0.3333333333333333;0.0;0.0;0.0
DE0009773010_2913;DWS GL EM EQ/ CL ND;Germany;0.0;0.0;0.0;0.47619047619047616;0.16666666666666666;0.0;0.0;0.0
DE0009777003_2913;DWS C.DJ.G.A/;Germany;0.0;0.0;0.0;0.047619047619047616;0.0;0.0;0.0;0.0
DE0009780221_2913;LBBW AKT.EUR/ CL R;Germany;0.0;0.0;0.0;0.0;0.0;0.0;0.0;0.0
DE0009807008_2913;GRUNDBES.EUROPA/ CL RC;Germany;0.0;0.0;1.0;0.0;0.0;1.0;0.0;0.0
DK0060579423_12;IF GD Gl.Akt./-;Denmark;0.0;0.0;0.0;0.0;0.5;0.0;0.0;0.0
DK0061671799_12;IFGD EuropVal/-;Denmark;0.0;0.0;0.0;0.0;0.5;0.0;0.0;0.0
ES0107489009_3230;SABADELL DINAM FI/PT BASE;Spain;1.0;1.0;0.0;1.0;0.3333333333333333;0.0;1.0;1.0
ES0107489017_3230;SABADELL DINAM FI/PT CART;Spain;1.0;1.0;0.0;1.0;0.3333333333333333;0.0;1.0;1.0
ES0107489025_3230;SABADELL DINAM FI/PT PLUS;Spain;1.0;1.0;0.0;1.0;0.3333333333333333;0.0;1.0;1.0
ES0107489033_3230;SABADELL DINAM FI/PT PREMIER;Spain;1.0;1.0;0.0;1.0;0.3333333333333333;0.0;1.0;1.0
ES0107489041_3230;SABADELL DINAM FI/PT PYME;Spain;1.0;1.0;0.0;1.0;0.3333333333333333;0.0;1.0;1.0
ES0107489058_3230;SABADELL DINAM FI/PT EMPR;Spain;1.0;1.0;0.0;1.0;0.3333333333333333;0.0;1.0;1.0
ES0111092005_3230;SAB ESPANA BOL FUTURO FI/PT CART;Spain;1.0;1.0;0.0;1.0;0.3333333333333333;0.0;1.0;1.0
ES0111092013_3230;SAB ESPANA BOL FUTURO FI/PT PLUS;Spain;1.0;1.0;0.0;1.0;0.3333333333333333;0.0;1.0;1.0
ES0111092021_3230;SAB ESPANA BOL FUTURO FI/PT PREM;Spain;1.0;1.0;0.0;1.0;0.3333333333333333;0.0;1.0;1.0
ES0111092039_1058;SAB ESPANA BOL FUTURO FI/PT BASE;Spain;1.0;1.0;0.0;1.0;0.3333333333333333;0.0;1.0;1.0
ES0111187003_3230;SABADELL PRUD FI/PT BASE;Spain;1.0;1.0;0.0;1.0;0.3333333333333333;0.0;1.0;1.0
ES0111187011_3230;SABADELL PRUD FI/PT CART;Spain;1.0;1.0;0.0;1.0;0.3333333333333333;0.0;1.0;1.0
ES0111187029_3230;SABADELL PRUD FI/PT PLUS;Spain;1.0;1.0;0.0;1.0;0.3333333333333333;0.0;1.0;1.0
ES0111187037_3230;SABADELL PRUD FI/PT PREMIER;Spain;1.0;1.0;0.0;1.0;0.3333333333333333;0.0;1.0;1.0
ES0111187045_3230;SABADELL PRUD FI/PT PYME;Spain;1.0;1.0;0.0;1.0;0.3333333333333333;0.0;1.0;1.0
ES0111187052_3230;SABADELL PRUD FI/PT EMPR;Spain;1.0;1.0;0.0;1.0;0.3333333333333333;0.0;1.0;1.0
ES0116371008_3230;CBNK OBJ 2024 FI/PT;Spain;0.0;0.0;0.0;0.0;0.0;0.0;0.0;0.0
ES0126536038_3230;GESTIFONSA MIX 10 FI/PT BASE;Spain;0.0;0.0;0.0;0.09523809523809523;0.5;0.0;0.0;0.0
ES0126551037_3230;CBNK RF CP FI/PT BASE;Spain;0.0;0.0;0.0;0.0;0.0;0.0;0.0;0.0
ES0126553033_3230;CBNK RF FLEX FI/PT BASE;Spain;0.0;0.0;0.0;0.0;0.0;0.0;0.0;0.0
ES0138168036_3230;GESTIFONSA RV EUR FI/PT BASE;Spain;0.0;0.0;0.0;0.0;0.0;0.0;0.0;0.0
ES0138253036_3230;CBNK RV ESPANA FI/PT BASE;Spain;0.0;0.0;0.0;0.0;0.0;0.0;0.0;0.0
ES0138712031_3230;CBNK RF EUR FI/PT BASE;Spain;0.0;0.0;0.0;0.0;0.0;0.0;0.0;0.0
ES0159201005_3230;MAGALLANES IBERIAN EQTY FI/PT E;Spain;0.0;0.0;0.0;0.0;0.0;0.0;0.0;0.0
ES0159201013_3230;MAGALLANES IBERIAN EQTY FI/PT M;Spain;0.0;0.0;0.0;0.0;0.0;0.0;0.0;0.0
ES0159201021_3230;MAGALLANES IBERIAN EQTY FI/PT P;Spain;0.0;0.0;0.0;0.0;0.0;0.0;0.0;0.0
ES0159259003_3230;MAGALLANES EUROPEAN EQTY FI/PT E;Spain;0.0;0.0;0.0;0.0;0.0;0.0;0.0;0.0
ES0159259011_3230;MAGALLANES EUROPEAN EQTY FI/PT M;Spain;0.0;0.0;0.0;0.0;0.0;0.0;0.0;0.0
ES0159259029_3230;MAGALLANES EUROPEAN EQTY FI/PT P;Spain;0.0;0.0;0.0;0.0;0.0;0.0;0.0;0.0
ES0173829005_3230;SAB RDTO FI/PT CANALIZADOR;Spain;1.0;1.0;0.0;1.0;0.3333333333333333;0.0;1.0;1.0
ES0173829013_3230;SAB RDTO FI/PT CART;Spain;1.0;1.0;0.0;1.0;0.3333333333333333;0.0;1.0;1.0
ES0173829021_3230;SAB RDTO FI/PT EMPR;Spain;1.0;1.0;0.0;1.0;0.3333333333333333;0.0;1.0;1.0
ES0173829039_3230;SAB RDTO FI/PT BASE;Spain;1.0;1.0;0.0;1.0;0.3333333333333333;0.0;1.0;1.0
ES0173856032_3230;CBNK MIX 25 FI/PT BASE;Spain;0.0;0.0;0.0;0.0;0.0;0.0;0.0;0.0
ES0174403008_3230;SAB INT EUR FI/PT CART;Spain;1.0;1.0;0.0;1.0;0.3333333333333333;0.0;1.0;1.0
ES0174403016_3230;SAB INT EUR FI/PT EMPR;Spain;1.0;1.0;0.0;1.0;0.3333333333333333;0.0;1.0;1.0
ES0174403024_3230;SAB INT EUR FI/PT PLUS;Spain;1.0;1.0;0.0;1.0;0.3333333333333333;0.0;1.0;1.0
ES0174403032_3230;SAB INT EUR FI/PT BASE;Spain;1.0;1.0;0.0;1.0;0.3333333333333333;0.0;1.0;1.0
ES0174403040_3230;SAB INT EUR FI/PT PREMIER;Spain;1.0;1.0;0.0;1.0;0.3333333333333333;0.0;1.0;1.0
ES0174403057_3230;SAB INT EUR FI/PT PYME;Spain;1.0;1.0;0.0;1.0;0.3333333333333333;0.0;1.0;1.0
ES0174434003_3230;INVERSABADELL 70 FI/PT PLUS;Spain;1.0;1.0;0.0;1.0;0.3333333333333333;0.0;1.0;1.0
ES0174434011_3230;INVERSABADELL 70 FI/PT PREMIER;Spain;1.0;1.0;0.0;1.0;0.3333333333333333;0.0;1.0;1.0
ES0174434037_3230;INVERSABADELL 70 FI/PT BASE;Spain;1.0;1.0;0.0;1.0;0.3333333333333333;0.0;1.0;1.0
ES0174436008_3230;SAB EQDO FI/PT BASE;Spain;1.0;1.0;0.0;1.0;0.3333333333333333;0.0;1.0;1.0
ES0174436016_3230;SAB EQDO FI/PT CART;Spain;1.0;1.0;0.0;1.0;0.3333333333333333;0.0;1.0;1.0
ES0174436024_3230;SAB EQDO FI/PT PLUS;Spain;1.0;1.0;0.0;1.0;0.3333333333333333;0.0;1.0;1.0
ES0174436032_3230;SAB EQDO FI/PT PREMIER;Spain;1.0;1.0;0.0;1.0;0.3333333333333333;0.0;1.0;1.0
ES0174436040_3230;SAB EQDO FI/PT PYME;Spain;1.0;1.0;0.0;1.0;0.3333333333333333;0.0;1.0;1.0
ES0174436057_3230;SAB EQDO FI/PT EMPR;Spain;1.0;1.0;0.0;1.0;0.3333333333333333;0.0;1.0;1.0
ES0182543035_3230;SAB INV ETICA SOL FI/PT PLUS;Spain;1.0;1.0;0.0;1.0;0.3333333333333333;0.0;1.0;1.0
FR0000095465_3313;OFI INVEST ACTI/EUR;France;0.0;0.0;0.0;0.0;0.0;0.0;0.0;0.0
FR0000096695_3313;LIVRET PORTEFEUILLE SI.4DEC;France;1.0;1.0;1.0;0.14285714285714285;0.0;0.0;0.0;0.0
FR0000097156_3313;G FD WORLD VISION R I D SI.3D;France;1.0;1.0;0.0;0.47619047619047616;0.16666666666666666;0.0;1.0;1.0
FR0000097560_3313;EPARGNE ETHIQUE FLEXIBLE SI.3D;France;1.0;1.0;1.0;1.0;0.16666666666666666;0.5;1.0;1.0
FR0000098683_245;LAZARD CONVERT.GLOBAL IC SI.3D;France;0.0;0.0;0.0;0.47619047619047616;0.0;0.0;0.0;0.0
FR0000099939_3230;AMERI-GAN I SI.4DEC;France;1.0;1.0;0.0;0.47619047619047616;0.16666666666666666;0.0;1.0;1.0
FR0000281966_3230;OFI INVEST ACTI/EUR;France;0.0;0.0;0.0;0.0;0.0;0.0;0.0;0.0
FR0000288185_3230;AMUNDI SMALL CAP EUROP.D SI.3D;France;1.0;0.0;0.0;1.0;0.3333333333333333;0.0;1.0;1.0
FR0000290124_3313;FRANCE GAN ID SI.4DEC;France;1.0;1.0;0.0;0.47619047619047616;0.16666666666666666;0.0;1.0;1.0
FR0000290926_3313;OFI INVEST DEVE/EUR;France;0.0;0.0;0.0;0.0;0.0;0.0;0.0;0.0
FR0000291239_3230;CPR CASH P SI.;France;1.0;1.0;0.0;1.0;0.3333333333333333;1.0;1.0;1.0
FR0000291528_3313;OFI INVEST ACTI/EUR;France;0.0;0.0;0.0;0.0;0.0;0.0;0.0;0.0
FR0000293698_3230;ECOFI TRESORERI/EUR;France;1.0;1.0;1.0;1.0;0.16666666666666666;0.5;1.0;1.0
FR0000293714_3230;OSTRUM SRI CASH/EUR;France;1.0;1.0;0.0;1.0;0.0;1.0;1.0;1.0
FR0000296436_3230;CPR STRATEDIS SI.;France;1.0;0.0;0.0;1.0;0.3333333333333333;0.0;1.0;1.0
FR0000299240_3230;AGIPI AMBITION SI.;France;1.0;1.0;0.0;0.6190476190476191;0.0;1.0;0.0;0.0
FR0000299364_643;AFER SFER/EUR;France;0.0;0.0;0.0;0.0;0.0;0.0;0.0;0.0
FR0000299620_3313;BNP PARIB.MONE ETAT P SI.3DEC;France;1.0;1.0;0.0;1.0;0.16666666666666666;1.0;1.0;1.0
FR0000431538_245;SG ACTIONS US TECHNO FCP 3DEC;France;1.0;0.0;0.0;1.0;0.3333333333333333;0.0;1.0;1.0
FR0007028907_3313;R OPAL MODERE FCP 3DEC;France;0.0;0.0;0.0;0.23809523809523808;0.6666666666666666;1.0;0.0;0.0
FR0007030663_643;OFI INVEST ESG /EUR;France;0.0;0.0;0.0;0.0;0.0;0.0;0.0;0.0
FR0007368865_3313;GUTENBERG OBLIG/EUR;France;0.0;0.0;0.0;0.0;0.0;0.0;0.0;0.0
FR0007371810_3230;VEGA PATRIMOINE RC FCP 5DEC;France;1.0;1.0;0.0;1.0;0.16666666666666666;1.0;1.0;1.0
FR0007371877_3230;VEGA EURO SPREAD D FCP 5DEC;France;0.0;0.0;0.0;0.0;0.0;0.0;0.0;0.0
FR0007374145_3230;LCL ACTIONS OR MONDE FCP;France;1.0;0.0;0.0;1.0;0.3333333333333333;0.0;1.0;1.0
FR0007381983_3230;ECOFI OBLIG.INTLES C FCP 3DEC;France;1.0;1.0;1.0;1.0;0.16666666666666666;0.5;1.0;1.0
FR0007385000_3230;OFI INVEST FRAN/EUR;France;0.0;0.0;0.0;0.0;0.0;0.0;0.0;0.0
FR0007390075_3313;OFI INVEST ISR /EUR;France;0.0;0.0;0.0;0.0;0.0;0.0;0.0;0.0
FR0007453477_354;RENTABILITE MOBILIERE FCP;France;0.0;0.0;0.0;0.0;0.0;0.0;0.0;0.0
FR0007462833_3313;ECOFI CREDIT SH/EUR;France;1.0;1.0;1.0;1.0;0.16666666666666666;0.5;1.0;1.0
FR0007465075_3230;ECOFI QUANT OBLIG.FCP 3DEC;France;1.0;1.0;1.0;1.0;0.16666666666666666;0.5;1.0;1.0
FR0007465083_3230;VEGA OBLIGATIONS EURO FCP 5DEC;France;1.0;1.0;0.0;1.0;0.16666666666666666;1.0;1.0;1.0
FR0007473798_3313;OFI INVEST ISR /EUR;France;0.0;0.0;0.0;0.0;0.0;0.0;0.0;0.0
FR0007474648_3230;AXA MATIGNON AC/EUR;France;1.0;1.0;0.0;0.5714285714285714;0.0;1.0;0.0;0.0
FR0007475843_354;ODDO BHF CHINA /EUR;France;1.0;0.0;0.0;0.7619047619047619;0.3333333333333333;0.0;0.0;0.0
FR0007476734_3313;MEYERBEER TRESORERIE C FCP3DEC;France;0.0;0.0;0.0;0.47619047619047616;0.5;0.0;1.0;1.0
FR0007477047_3230;FEDERATION EP FCP;France;0.0;0.0;0.0;0.047619047619047616;0.0;0.0;0.0;0.0
FR0007478052_3313;OFI INVEST ASIE/EUR;France;0.0;0.0;0.0;0.0;0.0;0.0;0.0;0.0
FR0007478060_3313;OFI INVEST JAPO/EUR;France;0.0;0.0;0.0;0.0;0.0;0.0;0.0;0.0
FR0007479365_3313;VEGA FR.CONVICTIONS C FCP 5DEC;France;1.0;1.0;0.0;1.0;0.16666666666666666;1.0;1.0;1.0
FR0007481817_3230;LCL INVESTISSEM/EUR;France;1.0;1.0;0.0;1.0;0.3333333333333333;1.0;1.0;1.0
FR0007485230_3313;EUROPE INCOME F/EUR;France;0.0;0.0;0.0;0.0;0.0;0.0;0.0;0.0
FR0007485263_3313;OFI INVEST ACTI/EUR;France;0.0;0.0;0.0;0.0;0.0;0.0;0.0;0.0
FR0007485719_3313;GUTENBERG ACTIO/EUR;France;0.0;0.0;0.0;0.0;0.0;0.0;0.0;0.0
FR0007488671_3313;OFI INVEST INTE/EUR;France;0.0;0.0;0.0;0.0;0.0;0.0;0.0;0.0
FR0007488689_3313;OFI INVEST PERF/EUR;France;0.0;0.0;0.0;0.0;0.0;0.0;0.0;0.0
FR0007492665_9760;COMPT-CONVERTIBLES FCP;France;1.0;1.0;0.0;0.6190476190476191;0.16666666666666666;1.0;0.0;0.0
FR0007492681_3230;COMPT PACIFIQUE FCP;France;1.0;1.0;0.0;0.6190476190476191;0.5;1.0;0.0;0.0
FR0007493051_9760;DIVERSIS/EUR;France;1.0;1.0;0.0;0.6190476190476191;0.0;1.0;0.0;0.0
GB0000799923_2605;BARG MANA/EASTERN TRUST A GBP;United Kingdom;0.0;0.0;0.0;0.2857142857142857;0.0;0.0;0.0;0.0
GB0000804335_2605;BARG MANA/EUROPEAN GROW A GBP;United Kingdom;0.0;0.0;0.0;0.2857142857142857;0.0;0.0;0.0;0.0
GB0003692174_3129;M&G GUER/OFFSHORE CORP GBP;Guernsey;0.0;0.0;0.0;0.0;0.0;0.0;0.0;0.0
GB0003717179_3129;M&G GUER/OFFSHORE UK S A GBP;Guernsey;0.0;0.0;0.0;0.0;0.0;0.0;0.0;0.0
GB0005494629_3313;M&G SECU/EQUITIES INVE GBP;United Kingdom;0.0;0.0;0.0;0.0;0.0;0.0;0.0;0.0
GB0005497416_3313;M&G SECU/EQUITIES INVE GBP;United Kingdom;0.0;0.0;0.0;0.0;0.0;0.0;0.0;0.0
GB0030926736_9760;M&G SECU/NORTH AMERICA GBP;United Kingdom;0.0;0.0;0.0;0.0;0.0;0.0;0.0;0.0
GB0030926843_9760;M&G SECU/NORTH AMERICA GBP;United Kingdom;0.0;0.0;0.0;0.0;0.0;0.0;0.0;0.0
GB0030927700_9760;M&G SECU/EUROPEAN SUST GBP;United Kingdom;0.0;0.0;0.0;0.0;0.0;0.0;0.0;0.0
GB0030927817_9760;M&G SECU/EUROPEAN SUST GBP;United Kingdom;0.0;0.0;0.0;0.0;0.0;0.0;0.0;0.0
GB0030932346_9760;M&G SECU/GLOBAL THEMES GBP;United Kingdom;0.0;0.0;0.0;0.0;0.0;0.0;0.0;0.0
GB0030932452_697;M&G SECU/GLOBAL THEMES GBP;United Kingdom;0.0;0.0;0.0;0.0;0.0;0.0;0.0;0.0
GB0030932676_205;M&G SECU/GLOBAL BASICS EUR EUR;United Kingdom;0.0;0.0;0.0;0.0;0.0;0.0;0.0;0.0
GB0030932783_205;M&G SECU/GLOBAL BASICS EUR;United Kingdom;0.0;0.0;0.0;0.0;0.0;0.0;0.0;0.0
GB0030937840_697;M&G SECU/GLOBAL SUSTAI GBP;United Kingdom;0.0;0.0;0.0;0.0;0.0;0.0;0.0;0.0
GB0030938038_3313;M&G SECU/GLOBAL SUSTAI GBP;United Kingdom;0.0;0.0;0.0;0.0;0.0;0.0;0.0;0.0
GB0030938368_3232;M&G SECU/JAPAN STERLIN GBP;United Kingdom;0.0;0.0;0.0;0.0;0.0;0.0;0.0;0.0
GB0030938475_2914;M&G SECU/JAPAN STERLIN GBP;United Kingdom;0.0;0.0;0.0;0.0;0.0;0.0;0.0;0.0
GB0030939440_9760;M&G SECU/ASIAN GBP A'I GBP;United Kingdom;0.0;0.0;0.0;0.0;0.0;0.0;0.0;0.0
GB0030939556_3313;M&G SECU/ASIAN GBP A'A GBP;United Kingdom;0.0;0.0;0.0;0.0;0.0;0.0;0.0;0.0
GB0031107021_697;M&G SECU/EXTRA INCOME GBP;United Kingdom;0.0;0.0;0.0;0.0;0.0;0.0;0.0;0.0
GB0031107468_3313;M&G SECU/EXTRA INCOME GBP;United Kingdom;0.0;0.0;0.0;0.0;0.0;0.0;0.0;0.0
GB0031107807_697;M&G SECU/GILT & FIXED GBP;United Kingdom;0.0;0.0;0.0;0.0;0.0;0.0;0.0;0.0
GB0031108433_3313;M&G SECU/GILT & FIXED GBP;United Kingdom;0.0;0.0;0.0;0.0;0.0;0.0;0.0;0.0
GB0031110397_697;M&G SECU/SHORT DATED C GBP;United Kingdom;0.0;0.0;0.0;0.0;0.0;0.0;0.0;0.0
GB0031110843_3313;M&G SECU/INDEX TRACKER GBP;United Kingdom;0.0;0.0;0.0;0.0;0.0;0.0;0.0;0.0
GB0031110959_3313;M&G SECU/INDEX TRACKER GBP;United Kingdom;0.0;0.0;0.0;0.0;0.0;0.0;0.0;0.0
GB0031111361_697;M&G SECU/INDEX LKD BON GBP;United Kingdom;0.0;0.0;0.0;0.0;0.0;0.0;0.0;0.0
GB0031111478_697;M&G SECU/INDEX LKD BON GBP;United Kingdom;0.0;0.0;0.0;0.0;0.0;0.0;0.0;0.0
GB0031111700_3232;M&G SECU/UK SLCT A IN GBP;United Kingdom;0.0;0.0;0.0;0.0;0.0;0.0;0.0;0.0
GB0031111817_3313;M&G SECU/UK SLCT A AC GBP;United Kingdom;0.0;0.0;0.0;0.0;0.0;0.0;0.0;0.0
GB0031285678_697;M&G SECU/CORPORATE BD GBP;United Kingdom;0.0;0.0;0.0;0.0;0.0;0.0;0.0;0.0
GB0031285785_3232;M&G SECU/CORPORATE BD GBP;United Kingdom;0.0;0.0;0.0;0.0;0.0;0.0;0.0;0.0
GB0031286080_3313;M&G SECU/DIVIDEND STER GBP;United Kingdom;0.0;0.0;0.0;0.0;0.0;0.0;0.0;0.0
GB0031286197_3313;M&G SECU/DIVIDEND STER GBP;United Kingdom;0.0;0.0;0.0;0.0;0.0;0.0;0.0;0.0
GB0031288912_9760;M&G SECU/INTERNATIONAL GBP;United Kingdom;0.0;0.0;0.0;0.0;0.0;0.0;0.0;0.0
GB0031289092_697;M&G SECU/INTERNATIONAL GBP;United Kingdom;0.0;0.0;0.0;0.0;0.0;0.0;0.0;0.0
GB0031289100_9760;M&G SECU/RECOVERY STER GBP;United Kingdom;0.0;0.0;0.0;0.0;0.0;0.0;0.0;0.0
GB0031289217_9760;M&G SECU/RECOVERY STER GBP;United Kingdom;0.0;0.0;0.0;0.0;0.0;0.0;0.0;0.0
GB0031289324_3313;M&G SECU/SMALL CO'S ST GBP;United Kingdom;0.0;0.0;0.0;0.0;0.0;0.0;0.0;0.0
GB0031289431_3313;M&G SECU/SMALL CO'S ST GBP;United Kingdom;0.0;0.0;0.0;0.0;0.0;0.0;0.0;0.0
GB0031616708_9760;M&G SECU/GLOBAL MACRO GBP;United Kingdom;0.0;0.0;0.0;0.0;0.0;0.0;0.0;0.0
GB0031616815_2914;M&G SECU/GLOBAL MACRO GBP;United Kingdom;0.0;0.0;0.0;0.0;0.0;0.0;0.0;0.0
GB0031957102_697;M&G SECU/INV '2'HIGH Y GBP;United Kingdom;0.0;0.0;0.0;0.0;0.0;0.0;0.0;0.0
GB0031957219_3232;M&G SECU/INV '2'HIGH Y GBP;United Kingdom;0.0;0.0;0.0;0.0;0.0;0.0;0.0;0.0
GB0031958621_3232;M&G SECU/INV '3'EMERGI GBP;United Kingdom;0.0;0.0;0.0;0.0;0.0;0.0;0.0;0.0
GB0031958738_697;M&G SECU/INV '3'EMERGI GBP;United Kingdom;0.0;0.0;0.0;0.0;0.0;0.0;0.0;0.0
GB0031960478_3313;M&G SECU/EPISODE GWTH GBP;United Kingdom;0.0;0.0;0.0;0.0;0.0;0.0;0.0;0.0
GB0031960585_697;M&G SECU/EPISODE GWTH GBP;United Kingdom;0.0;0.0;0.0;0.0;0.0;0.0;0.0;0.0
GB0031960692_3313;M&G SECU/MANAGED GWTH GBP;United Kingdom;0.0;0.0;0.0;0.0;0.0;0.0;0.0;0.0
GB0031960700_697;M&G SECU/MANAGED GWTH GBP;United Kingdom;0.0;0.0;0.0;0.0;0.0;0.0;0.0;0.0
GB0033521955_2605;BARG MANA/EASTERN TRUST USD;United Kingdom;0.0;0.0;0.0;0.2857142857142857;0.0;0.0;0.0;0.0
GG00B1YMBS31_3129;M&G GUER/OFFSHORE OPTI GBP;Guernsey;0.0;0.0;0.0;0.0;0.0;0.0;0.0;0.0
GG00B52MXV06_246;PARS GROU/I GBP GBP;Guernsey;0.0;0.0;1.0;0.09523809523809523;0.0;0.0;0.0;0.0
GG00B52VG522_246;PARS GROU/P EUR GBP;Guernsey;0.0;0.0;1.0;0.09523809523809523;0.0;0.0;0.0;0.0
GG00B57GCT81_246;PARS GROU/I CHF CHF;Guernsey;0.0;0.0;1.0;0.09523809523809523;0.0;0.0;0.0;0.0
GG00B58LGT06_246;PARS GROU/P CHF CHF;Guernsey;0.0;0.0;1.0;0.09523809523809523;0.0;0.0;0.0;0.0
GG00B5SNRY87_246;PARS GROU/I EUR EUR;Guernsey;0.0;0.0;1.0;0.09523809523809523;0.0;0.0;0.0;0.0
GG00B5TDGJ56_246;PARS GROU/P USD USD;Guernsey;0.0;0.0;1.0;0.09523809523809523;0.0;0.0;0.0;0.0
GG00B76V9426_3129;M&G GUER/OFFSHORE CORP GBP;Guernsey;0.0;0.0;0.0;0.0;0.0;0.0;0.0;0.0
GG00B76V9533_3129;M&G GUER/OFFSHORE OPTI GBP;Guernsey;0.0;0.0;0.0;0.0;0.0;0.0;0.0;0.0
GG00BFWK7H85_246;PARS GROU/PARTNERS N US N USD;Guernsey;0.0;0.0;1.0;0.09523809523809523;0.0;0.0;0.0;0.0
GG00BGGM0Y54_246;PARS GROU/PARTNERS E-N E-N CHF;Guernsey;0.0;0.0;1.0;0.09523809523809523;0.0;0.0;0.0;0.0
GG00BGGM1312_246;PARS GROU/PARTNERS E-N E-N EUR;Guernsey;0.0;0.0;1.0;0.09523809523809523;0.0;0.0;0.0;0.0
GG00BGGM1429_246;PARS GROU/PARTNERS E-N E-N GBP;Guernsey;0.0;0.0;1.0;0.09523809523809523;0.0;0.0;0.0;0.0
GG00BGGM1536_246;PARS GROU/PARTNERS E-N E-N USD;Guernsey;0.0;0.0;1.0;0.09523809523809523;0.0;0.0;0.0;0.0
GG00BGGM1643_246;PARS GROU/PARTNERS C-N C-N CHF;Guernsey;0.0;0.0;1.0;0.09523809523809523;0.0;0.0;0.0;0.0
GG00BGGM1759_246;PARS GROU/PARTNERS C-N C-N EUR;Guernsey;0.0;0.0;1.0;0.09523809523809523;0.0;0.0;0.0;0.0
GG00BGGM1866_246;PARS GROU/PARTNERS C-N C-N USD;Guernsey;0.0;0.0;1.0;0.09523809523809523;0.0;0.0;0.0;0.0
GG00BGGM1973_246;PARS GROU/PARTNERS B-N B-N GBP;Guernsey;0.0;0.0;1.0;0.09523809523809523;0.0;0.0;0.0;0.0
GG00BGGM1B92_246;PARS GROU/PARTNERS T-N T-N CHF;Guernsey;0.0;0.0;1.0;0.09523809523809523;0.0;0.0;0.0;0.0
GG00BGGM1C00_246;PARS GROU/PARTNERS T-N T-N USD;Guernsey;0.0;0.0;1.0;0.09523809523809523;0.0;0.0;0.0;0.0
GG00BGGM1F31_246;PARS GROU/PARTNERS N-N N-N USD;Guernsey;0.0;0.0;1.0;0.09523809523809523;0.0;0.0;0.0;0.0
GG00BLG33V10_246;The Part Fd/Ut Cl-GBP E GBP;Guernsey;0.0;0.0;1.0;0.09523809523809523;0.0;0.0;0.0;0.0
GG00BLG33W27_246;The Part Fd/Ut Cl-EUR E EUR;Guernsey;0.0;0.0;1.0;0.09523809523809523;0.0;0.0;0.0;0.0
GG00BLG33X34_246;PARS GROU/UT E USD ACC;Guernsey;0.0;0.0;1.0;0.09523809523809523;0.0;0.0;0.0;0.0
GG00BLG33Y41_246;PARS GROU/UT E CHF ACC;Guernsey;0.0;0.0;1.0;0.09523809523809523;0.0;0.0;0.0;0.0
GG00BMD24M63_246;PARS GROU/PARTNERS USD A-N AUD;Guernsey;0.0;0.0;1.0;0.09523809523809523;0.0;0.0;0.0;0.0
GG00BQB32251_246;PARS GROU/PARTNERS CAD- CAD-N ACC C;Guernsey;0.0;0.0;1.0;0.09523809523809523;0.0;0.0;0.0;0.0
GG00BSS86034_3129;M&G GUER/OFFSHORE GLOB INC GBP;Guernsey;0.0;0.0;0.0;0.0;0.0;0.0;0.0;0.0
GG00BSS86364_3129;M&G GUER/OFFSHORE UK S I GBP;Guernsey;0.0;0.0;0.0;0.0;0.0;0.0;0.0;0.0
GG00BWFGQ647_246;NTH TST/PARTNERS C CH CHF;Guernsey;0.0;0.0;1.0;0.09523809523809523;0.0;0.0;0.0;0.0
GG00BWFGQ753_246;NTH TST/PARTNERS C US USD;Guernsey;0.0;0.0;1.0;0.09523809523809523;0.0;0.0;0.0;0.0
IE0000829238_2913;BRNG INT/SHS CL-A USD;Ireland;0.0;0.0;0.0;0.2857142857142857;0.0;0.0;0.0;0.0
IE0000829451_18;BRNG INT/SHS CL-A USD;Ireland;0.0;0.0;0.0;0.2857142857142857;0.0;0.0;0.0;0.0
IE0000829568_14;BRNG INT/SHS CL-A USD;Ireland;1.0;1.0;0.0;0.23809523809523808;0.0;0.0;0.0;0.0
IE0000830236_17;BRNG INT/SHS CL-A USD;Ireland;0.0;0.0;0.0;0.2857142857142857;0.0;0.0;0.0;0.0
IE0000838304_14;BRNG EM/SHS CL-A USD;Ireland;0.0;0.0;0.0;0.2857142857142857;0.0;0.0;0.0;0.0
IE0000931182_2779;BRNG GB/SHS CL-A USD;Ireland;0.0;0.0;0.0;0.2857142857142857;0.0;0.0;0.0;0.0
IE0001534761_2785;G SACHS FD/SHS USD;Ireland;0.0;0.0;0.0;0.47619047619047616;0.16666666666666666;0.0;0.0;1.0
IE0002458671_2605;FINDLAY/SHS USD;Ireland;1.0;0.0;0.0;1.0;0.0;0.0;1.0;1.0
IE0003763251_2785;G SACHS FD/SHS USD;Ireland;0.0;0.0;0.0;0.47619047619047616;0.16666666666666666;0.0;0.0;1.0
IE0004314401_205;AXA ROS/UT CL-B USD;Ireland;1.0;1.0;0.0;0.6190476190476191;0.5;1.0;0.0;0.0
IE0004324657_3231;AXA ROS/UT CL-B USD;Ireland;1.0;1.0;0.0;0.6190476190476191;0.5;1.0;0.0;0.0
IE0004328963_3313;SHRT-TM INV/SHS GBP;Ireland;1.0;1.0;1.0;0.8095238095238095;0.0;0.5;1.0;1.0
IE0004329151_3313;SHRT-TM INV/SHS GBP;Ireland;1.0;1.0;1.0;0.8095238095238095;0.0;0.5;1.0;1.0
IE0004329268_3059;SHRT-TM INV/SHS USD;Ireland;1.0;1.0;1.0;0.8095238095238095;0.0;0.5;1.0;1.0
IE0004329375_3059;SHRT-TM INV/SHS CL-INSTL ACCUMG USD;Ireland;1.0;1.0;1.0;0.8095238095238095;0.0;0.5;1.0;1.0
IE0004329607_3059;SHRT-TM INV/SHS CL-CORP USD;Ireland;1.0;1.0;1.0;0.8095238095238095;0.0;0.5;1.0;1.0
IE0004334029_13;AXA ROS/UT CL-B USD;Ireland;1.0;1.0;0.0;0.6190476190476191;0.16666666666666666;1.0;0.0;0.0
IE0004345025_18;AXA ROS/UT CL-B USD;Ireland;1.0;1.0;0.0;0.6190476190476191;0.5;1.0;0.0;0.0
IE0004347849_431;MUZINICH/SHS CL-A USD;Ireland;1.0;0.0;0.0;1.0;0.0;0.0;1.0;1.0
IE0004354209_15;AXA ROS/UT CL-B JPY;Ireland;1.0;1.0;0.0;0.6190476190476191;0.16666666666666666;1.0;0.0;0.0
IE0004850503_205;BRNG EM/SHS CL-A EUR;Ireland;0.0;0.0;0.0;0.2857142857142857;0.0;0.0;0.0;0.0
IE0004851352_14;BRNG GB/SHS EUR;Ireland;0.0;0.0;0.0;0.2857142857142857;0.0;0.0;0.0;0.0
IE0004866665_18;BRNG INT/SHS CL-A EUR;Ireland;0.0;0.0;0.0;0.2857142857142857;0.0;0.0;0.0;0.0
IE0004866889_2913;BRNG INT/SHS CL-A EUR;Ireland;0.0;0.0;0.0;0.2857142857142857;0.0;0.0;0.0;0.0
IE0004866996_2605;BRNG INT/SHS CL-A EUR;Ireland;1.0;1.0;0.0;0.23809523809523808;0.0;0.0;0.0;0.0
IE0004868828_2779;BRNG INT/SHS CL-A EUR;Ireland;0.0;0.0;0.0;0.2857142857142857;0.0;0.0;0.0;0.0
IE0004904748_3059;SHRT-TM INV/SHS EUR;Ireland;1.0;1.0;1.0;0.8095238095238095;0.0;0.5;1.0;1.0
IE0005060367_2779;LAZ ACTIVE/SHS CL-RTL EUR;Ireland;0.0;0.0;0.0;0.2857142857142857;0.0;0.0;0.0;0.0
IE0005324847_354;MUZINICH/SHS CL-A EUR;Ireland;1.0;0.0;0.0;1.0;0.0;0.0;1.0;1.0
IE0008004719_3313;SHRT-TM INV/SHS GBP;Ireland;1.0;1.0;1.0;0.8095238095238095;0.0;0.5;1.0;1.0
IE0008005567_3059;SHRT-TM INV/SHS USD;Ireland;1.0;1.0;1.0;0.8095238095238095;0.0;0.5;1.0;1.0
IE0008040424_3059;SHRT-TM INV/SHS USD;Ireland;1.0;1.0;1.0;0.8095238095238095;0.0;0.5;1.0;1.0
IE0008042461_3059;SHRT-TM INV/SHS USD;Ireland;1.0;1.0;1.0;0.8095238095238095;0.0;0.5;1.0;1.0
IE0008365516_18;AXA ROS/UT CL-A USD;Ireland;1.0;1.0;0.0;0.6190476190476191;0.5;1.0;0.0;0.0
IE0008366589_2720;AXA ROS/UT CL-A JPY;Ireland;1.0;1.0;0.0;0.6190476190476191;0.16666666666666666;1.0;0.0;0.0
IE0008366704_2608;AXA ROS/UT CL-A USD;Ireland;1.0;1.0;0.0;0.6190476190476191;0.5;1.0;0.0;0.0
IE0008366928_2608;AXA ROS/UT CL-A USD;Ireland;1.0;1.0;0.0;0.6190476190476191;0.5;1.0;0.0;0.0
IE0008367009_9760;AXA ROS/UT CL-A USD;Ireland;1.0;1.0;0.0;0.6190476190476191;0.16666666666666666;1.0;0.0;0.0
IE0008553855_3231;DWS DGLS/SHS CL-PLATINUM USD;Ireland;0.0;0.0;0.0;0.047619047619047616;0.5;0.0;0.0;0.0
IE0008554044_3231;DWS DGLS/SHS CL-ADVISORY USD;Ireland;0.0;0.0;0.0;0.047619047619047616;0.5;0.0;0.0;0.0
IE0008554267_3231;DWS DGLS/SHS CL-INSTL USD;Ireland;0.0;0.0;0.0;0.047619047619047616;0.5;0.0;0.0;0.0
IE0008643037_3230;DWS DGLS/SHS CL-PLATINUM EUR;Ireland;0.0;0.0;0.0;0.047619047619047616;0.5;0.0;0.0;0.0
IE0008643250_3230;DWS DGLS/SHS CL-ADVISORY EUR;Ireland;0.0;0.0;0.0;0.047619047619047616;0.5;0.0;0.0;0.0
IE0008707428_2720;DWS DGLS/SHS CL-ADVISORY GBP;Ireland;0.0;0.0;0.0;0.047619047619047616;0.5;0.0;0.0;0.0
IE0008720272_3313;DWS DGLS/SHS CL-INSTL GBP;Ireland;0.0;0.0;0.0;0.047619047619047616;0.5;0.0;0.0;0.0
IE0009240692_3231;NATIXIS DUB/SHS CL-1 USD;Ireland;0.0;0.0;0.0;0.7619047619047619;0.0;0.0;0.0;0.0
IE0009407531_3313;G SACHS FD/SHS USD;Ireland;0.0;0.0;0.0;0.47619047619047616;0.16666666666666666;0.0;0.0;1.0
IT0000382561_354;BNL AZ ITA - FOCUS ITALIA;Italy;0.0;0.0;0.0;0.0;0.0;0.0;0.0;0.0
IT0000388204_282;AMUNDI OBBL ITALIA BT/OICVM NMON;Italy;1.0;0.0;0.0;1.0;0.0;0.0;1.0;1.0
IT0000388808_354;BNL AZIONI AMERICA OFBNPFU GRO;Italy;1.0;1.0;0.0;1.0;0.5;1.0;1.0;1.0
IT0000388840_282;BNL OBBLIGAZIONI EMERG OFDPB;Italy;1.0;1.0;0.0;1.0;0.3333333333333333;1.0;1.0;1.0
IT0001080404_282;SOLUZIONE ESG 10/OICVM NMON CLA EUR;Italy;0.0;0.0;0.0;0.047619047619047616;0.0;0.0;0.0;0.0
IT0001250205_282;AMUNDI OBBL BREVE TERMINE;Italy;1.0;1.0;0.0;1.0;0.3333333333333333;1.0;1.0;1.0
IT0001250239_282;AMUNDI OBBL BREVE TERMINE;Italy;1.0;1.0;0.0;1.0;0.3333333333333333;1.0;1.0;1.0
IT0001318739_282;AMUNDI OBBL PAESI EMERG A DIS;Italy;1.0;0.0;0.0;1.0;0.0;0.0;1.0;1.0
IT0001374245_354;BNL OBBLIGAZIONI GL OFDBNPP;Italy;1.0;1.0;0.0;1.0;0.5;1.0;1.0;1.0
IT0001374302_354;BNL AZIONI EMERGENTI-OFPE;Italy;1.0;1.0;0.0;1.0;0.5;1.0;1.0;1.0
IT0001468047_282;BNL AZIONI EUROPA DIV OFDPE;Italy;1.0;1.0;0.0;1.0;0.5;1.0;1.0;1.0
IT0004240542_282;BNP PARIBAS DIN - OFDBNP;Italy;1.0;1.0;0.0;1.0;0.5;1.0;1.0;1.0
IT0004253800_282;AMUNDI IMPEGNO ITALIA/OICVM NMON;Italy;1.0;0.0;0.0;1.0;0.3333333333333333;0.0;1.0;1.0
IT0004253826_282;AMUNDI IMPEGNO ITALIA/OICVM NMON;Italy;1.0;0.0;0.0;1.0;0.3333333333333333;0.0;1.0;1.0
IT0004791759_282;AMUNDI OBB SIS ITALIA A DISTR;Italy;1.0;0.0;0.0;1.0;0.3333333333333333;0.0;1.0;1.0
IT0004812449_282;AMUNDI OBBLIGAZION GLOBALE HY;Italy;1.0;1.0;0.0;1.0;0.3333333333333333;1.0;1.0;1.0
IT0004812464_282;AMUNDI OBBLIGAZION GLOBALE HY;Italy;1.0;1.0;0.0;1.0;0.3333333333333333;1.0;1.0;1.0
IT0004812514_282;AMUNDI OBBLIGAZ CORPORATE AM;Italy;1.0;1.0;0.0;1.0;0.3333333333333333;1.0;1.0;1.0
IT0004812530_282;AMUNDI OBBLIGAZ CORPORATE AM;Italy;1.0;1.0;0.0;1.0;0.3333333333333333;1.0;1.0;1.0
IT0004814064_282;AMUNDI OBBL ITALIA BT/OICVM NMON;Italy;1.0;0.0;0.0;1.0;0.0;0.0;1.0;1.0
IT0004814510_282;AMUNDI OBBL PAESI EMERG A DIS;Italy;1.0;0.0;0.0;1.0;0.0;0.0;1.0;1.0
IT0004814577_282;AMUNDI OBB SIS ITALIA A DISTR;Italy;1.0;0.0;0.0;1.0;0.3333333333333333;0.0;1.0;1.0
IT0004814643_282;AMUNDI TARGET CONTROLLO/OICVM NMON;Italy;1.0;0.0;0.0;1.0;0.3333333333333333;0.0;1.0;1.0
IT0005028680_282;AMUNDI OBBL BREVE TERMINE;Italy;1.0;1.0;0.0;1.0;0.3333333333333333;1.0;1.0;1.0
IT0005028698_282;AMUNDI OBBL BREVE TERMINE;Italy;1.0;1.0;0.0;1.0;0.3333333333333333;1.0;1.0;1.0
IT0005125049_282;AMUNDI ESG SELECTION BILANCIAT;Italy;1.0;1.0;0.0;1.0;0.3333333333333333;1.0;1.0;1.0
IT0005125064_282;AMUNDI ESG SELECTION CONSERVAT;Italy;1.0;1.0;0.0;1.0;0.3333333333333333;1.0;1.0;1.0
IT0005125080_282;AMUNDI ESG SELECTION DINAMICO;Italy;1.0;1.0;0.0;1.0;0.3333333333333333;1.0;1.0;1.0
IT0005189128_282;AMUNDI IMPEGNO ITALIA/OICVM NMON;Italy;1.0;0.0;0.0;1.0;0.3333333333333333;0.0;1.0;1.0
IT0005241440_282;AMUNDI VALORE ITALIA PIR;Italy;1.0;1.0;0.0;1.0;0.3333333333333333;1.0;1.0;1.0
IT0005241465_282;AMUNDI VALORE ITALIA PIR;Italy;1.0;1.0;0.0;1.0;0.3333333333333333;1.0;1.0;1.0
IT0005243263_282;AMUNDI OBBL BREVE TERMINE;Italy;1.0;1.0;0.0;1.0;0.3333333333333333;1.0;1.0;1.0
IT0005243289_282;AMUNDI IMPEGNO ITALIA/OICVM NMON;Italy;1.0;0.0;0.0;1.0;0.3333333333333333;0.0;1.0;1.0
IT0005250243_282;AMUNDI PRIMO INVESTIMENTO;Italy;1.0;1.0;0.0;1.0;0.3333333333333333;1.0;1.0;1.0
IT0005250268_282;AMUNDI PRIMO INVESTIMENTO;Italy;1.0;1.0;0.0;1.0;0.3333333333333333;1.0;1.0;1.0
IT0005250904_282;AMUNDI VALORE ITALIA PIR;Italy;1.0;1.0;0.0;1.0;0.3333333333333333;1.0;1.0;1.0
IT0005323131_282;AMUNDI PRIMO INVESTIMENTO;Italy;1.0;1.0;0.0;1.0;0.3333333333333333;1.0;1.0;1.0
IT0005340952_282;AMUNDI PRIVATE MEGATREND 2023;Italy;1.0;1.0;0.0;1.0;0.3333333333333333;0.0;1.0;1.0
IT0005351322_282;AMUNDI SELEZIONE BENESSERE 202;Italy;1.0;1.0;0.0;1.0;0.3333333333333333;0.0;1.0;1.0
IT0005351371_282;AMUNDI ACCUMULAZIONE DISRUPTIO;Italy;1.0;1.0;0.0;1.0;0.3333333333333333;0.0;1.0;1.0
IT0005358046_282;AMUNDI ACCUMULAZIONE MEGATREND;Italy;1.0;1.0;0.0;1.0;0.3333333333333333;0.0;1.0;1.0
IT0005358061_282;AMUNDI SELEZIONE BENESSERE 05/;Italy;1.0;1.0;0.0;1.0;0.3333333333333333;0.0;1.0;1.0
IT0005362832_282;AMUNDI PROTEZIONE 85/OICVM NMON EUR;Italy;1.0;1.0;0.0;1.0;0.0;0.0;1.0;1.0
IT0005371080_282;AMUNDI SELEZION BENESSERE 9/24;Italy;1.0;1.0;0.0;1.0;0.3333333333333333;0.0;1.0;1.0
IT0005371106_282;AMUNDI ACC MEGATREND 2024 DUE;Italy;1.0;1.0;0.0;1.0;0.3333333333333333;0.0;1.0;1.0
IT0005381865_282;AMUNDI SELEZIONE MILLENNIALS 2;Italy;1.0;1.0;0.0;1.0;0.3333333333333333;0.0;1.0;1.0
IT0005381907_282;AMUNDI PRIVATE SOSTENIBILE 202;Italy;1.0;1.0;0.0;1.0;0.3333333333333333;0.0;1.0;1.0
IT0005381923_282;AMUNDI ACCUMULAZIONE MERCATI E;Italy;1.0;1.0;0.0;1.0;0.3333333333333333;0.0;1.0;1.0
IT0005389793_282;AMUNDI ACCUMULAZIONE MERCATI E;Italy;1.0;1.0;0.0;1.0;0.3333333333333333;0.0;1.0;1.0
LI0010404585_351;H.A.M.Glb Cv BF/Ut Cl--EUR-A- EUR;Liechtenstein;0.0;0.0;0.0;0.0;0.0;0.0;0.0;0.0
LI0017502381_2810;ACATIS Fair Val/Ut Cl--EUR-P- EUR;Liechtenstein;1.0;1.0;1.0;1.0;0.0;1.0;1.0;1.0
LI0022353390_3313;KEOX Fd-ESG Bd/Ut Cl--EUR-R- EUR;Liechtenstein;0.0;0.0;0.0;0.0;0.0;0.0;0.0;0.0
LI0028897788_349;H.A.M.Glb Cv BF/Ut Cl--USD-A- USD;Liechtenstein;0.0;0.0;0.0;0.0;0.0;0.0;0.0;0.0
LI0037862872_511;ChmSusGlCnBFd/Ut Cl--EUR-P- EUR;Liechtenstein;0.0;0.0;0.0;0.0;0.0;0.0;0.0;0.0
LI0042307384_2810;TL Nachhaltigfd/Ut Cl--BRASCRI- CHF;Liechtenstein;0.0;0.0;0.0;0.0;0.0;0.0;0.0;0.0
LI0045967341_205;H.A.M.Glb Cv BF/Ut Cl--CHF-A- CHF;Liechtenstein;0.0;0.0;0.0;0.0;0.0;0.0;0.0;0.0
LI0047679860_3313;BonafideGlbFish/Ut Cl--CHF- CHF;Liechtenstein;1.0;0.0;0.0;0.5714285714285714;0.0;0.0;1.0;1.0
LI0123466802_15;ACATIS Fair Val/Ut Cl--CHF-P- CHF;Liechtenstein;1.0;1.0;1.0;1.0;0.0;1.0;1.0;1.0
LI0148578169_205;AQUIS-LuViFd/Ut Cl--USD-R- USD;Liechtenstein;0.0;0.0;0.0;0.0;0.0;0.0;0.0;0.0
LI0181468138_3313;BonafideGlbFish/Ut Cl--EUR- EUR;Liechtenstein;1.0;0.0;0.0;0.5714285714285714;0.0;0.0;1.0;1.0
LI0183680391_3313;Beagle Flag Fd/Ut EUR;Liechtenstein;0.0;0.0;0.0;0.0;0.0;0.0;0.0;0.0
LI0185254757_3313;KEOX Fd-ESG Bd/Ut Cl--CHF-R- CHF;Liechtenstein;0.0;0.0;0.0;0.0;0.0;0.0;0.0;0.0
LI0185254765_3313;KEOX Fd-ESG Bd/Ut Cl--USD-R- USD;Liechtenstein;0.0;0.0;0.0;0.0;0.0;0.0;0.0;0.0
LI0245942557_3313;TL Nachhaltigfd/Ut Cl--HILFSWERKE-;Liechtenstein;0.0;0.0;0.0;0.0;0.0;0.0;0.0;0.0
LI0252716753_3313;BonafideGlbFish/Ut Cl--USD- USD;Liechtenstein;1.0;0.0;0.0;0.5714285714285714;0.0;0.0;1.0;1.0
LI0253998061_3313;ACATIS Fair Val/Ut Cl--EUR-I- EUR;Liechtenstein;1.0;1.0;1.0;1.0;0.0;1.0;1.0;1.0
LI0253998095_200;ACATIS Fair Val/Ut Cl-USD-P USD;Liechtenstein;1.0;1.0;1.0;1.0;0.0;1.0;1.0;1.0
LI0292265704_393;ChmSusGlCnBFd/Ut Cl--CHF-P- CHF;Liechtenstein;0.0;0.0;0.0;0.0;0.0;0.0;0.0;0.0
LI0306626206_3313;ACATIS Fair Val/Ut Cl--CHF-I- CHF;Liechtenstein;1.0;1.0;1.0;1.0;0.0;1.0;1.0;1.0
LI0321177912_200;ACATIS Fair Val/Ut Cl-EUR-V EUR;Liechtenstein;1.0;1.0;1.0;1.0;0.0;1.0;1.0;1.0
LI0324221725_511;ChmSusGlCnBFd/Ut Cl--EUR-I- EUR;Liechtenstein;0.0;0.0;0.0;0.0;0.0;0.0;0.0;0.0
LI0324221808_393;ChmSusGlCnBFd/Ut Cl--CHF-I- CHF;Liechtenstein;0.0;0.0;0.0;0.0;0.0;0.0;0.0;0.0
LI0329781590_3313;BonafideGlbFish/Ut Cl--CHF-A- CHF;Liechtenstein;1.0;0.0;0.0;0.5714285714285714;0.0;0.0;1.0;1.0
LI0329781608_3313;BonafideGlbFish/Ut Cl--EUR-A- EUR;Liechtenstein;1.0;0.0;0.0;0.5714285714285714;0.0;0.0;1.0;1.0
LI0334507477_205;AQUIS-LuViFd/Ut Cl--CHF-R- CHF;Liechtenstein;0.0;0.0;0.0;0.0;0.0;0.0;0.0;0.0
LI0334507485_3313;AQUIS-LuViFd/Ut Cl--EUR-R- EUR;Liechtenstein;0.0;0.0;0.0;0.0;0.0;0.0;0.0;0.0
LI0335987173_3313;ACATIS Fair Val/Ut Cl--USD-K- USD;Liechtenstein;1.0;1.0;1.0;1.0;0.0;1.0;1.0;1.0
LI0336894352_3230;H.A.M.Glb Cv BF/Ut Cl--EUR-D- EUR;Liechtenstein;0.0;0.0;0.0;0.0;0.0;0.0;0.0;0.0
LI0336894360_3313;H.A.M.Glb Cv BF/Ut Cl--USD-D- USD;Liechtenstein;0.0;0.0;0.0;0.0;0.0;0.0;0.0;0.0
LI0336894378_2810;H.A.M.Glb Cv BF/Ut Cl--CHF-D- CHF;Liechtenstein;0.0;0.0;0.0;0.0;0.0;0.0;0.0;0.0
LI0339972288_3313;GlbMDbaSMEFd/Ut Cl--I- USD;Liechtenstein;0.0;0.0;0.0;0.0;0.0;0.0;0.0;0.0
LI0348132080_3313;CHEEqtyFd-Glob/Ut Cl--USD- USD;Liechtenstein;1.0;1.0;1.0;1.0;0.0;1.0;1.0;1.0
LI0348132148_3313;CHEEqtyFd-Glob/Ut Cl--CHF- CHF;Liechtenstein;1.0;1.0;1.0;1.0;0.0;1.0;1.0;1.0
LI0348132296_3313;CHEEqtyFd-Glob/Ut Cl--EUR- EUR;Liechtenstein;1.0;1.0;1.0;1.0;0.0;1.0;1.0;1.0
LI0351138891_3313;KEOX Fd-ESG Bd/Ut Cl--EUR-I- EUR;Liechtenstein;0.0;0.0;0.0;0.0;0.0;0.0;0.0;0.0
LI0351138917_3313;KEOX Fd-ESG Bd/Ut Cl--CHF-I- CHF;Liechtenstein;0.0;0.0;0.0;0.0;0.0;0.0;0.0;0.0
LI0351138925_3313;KEOX Fd-ESG Bd/Ut Cl--USD-I- USD;Liechtenstein;0.0;0.0;0.0;0.0;0.0;0.0;0.0;0.0
LI0364737259_2810;H.A.M.Glb Cv BF/Ut Cl--GBP-A- GBP;Liechtenstein;0.0;0.0;0.0;0.0;0.0;0.0;0.0;0.0
LI0394750827_2810;SwLiGSF-iConOr/Ut Cl--EUR- EUR;Liechtenstein;0.0;0.0;0.0;0.0;0.0;0.0;0.0;0.0
LI0394750835_3233;SwLiGSF-iConOr/Ut Cl--CHF- CHF;Liechtenstein;0.0;0.0;0.0;0.0;0.0;0.0;0.0;0.0
LI0394750843_3230;SwLiGSF-iDynTi/Ut Cl--EUR- EUR;Liechtenstein;0.0;0.0;0.0;0.0;0.0;0.0;0.0;0.0
LI0394750850_2810;SwLiGSF-iDynTi/Ut Cl--CHF- CHF;Liechtenstein;0.0;0.0;0.0;0.0;0.0;0.0;0.0;0.0
LI0408681091_3313;AQUIS-LuViFd/Ut Cl--USD-I- USD;Liechtenstein;0.0;0.0;0.0;0.0;0.0;0.0;0.0;0.0
LI0408681109_2810;AQUIS-LuViFd/Ut Cl--USD-I2- USD;Liechtenstein;0.0;0.0;0.0;0.0;0.0;0.0;0.0;0.0
LI0408681117_3313;AQUIS-LuViFd/Ut Cl--CHF-I- CHF;Liechtenstein;0.0;0.0;0.0;0.0;0.0;0.0;0.0;0.0
LI0408681125_2810;AQUIS-LuViFd/Ut Cl--CHF-I2- CHF;Liechtenstein;0.0;0.0;0.0;0.0;0.0;0.0;0.0;0.0
LI0459812520_2810;BoInvFd-BeCat I/Ut Cl--EUR- EUR;Liechtenstein;1.0;0.0;0.0;0.5714285714285714;0.0;0.0;1.0;1.0
LI0466183220_2810;NEMO Fund/Ut Cl-EUR EUR;Liechtenstein;0.0;0.0;0.0;0.0;0.0;0.0;0.0;0.0
LI0466188294_3235;NEMO Fund/Ut Cl--CZK- CZK;Liechtenstein;0.0;0.0;0.0;0.0;0.0;0.0;0.0;0.0
LU0012006317_354;TREETOP CONV.SICAV/EUR;Luxembourg;0.0;0.0;0.0;0.0;0.0;0.0;0.0;0.0
LU0028445327_354;EDM INTERN/EUR;Luxembourg;1.0;0.0;0.0;0.7142857142857143;0.0;0.0;1.0;1.0
LU0028445590_354;EDM INTERN/EUR;Luxembourg;1.0;0.0;0.0;0.8095238095238095;0.0;0.0;1.0;1.0
LU0034955152_431;AB SIC.I-SUS GLO/USD;Luxembourg;1.0;0.0;0.0;1.0;0.3333333333333333;0.0;1.0;1.0
LU0034955236_431;AB I Sus Gl Th/Sh Cl-BXX USD;Luxembourg;1.0;0.0;0.0;1.0;0.3333333333333333;0.0;1.0;1.0
LU0040769829_431;GS FDS-GL.EQ/SH USD;Luxembourg;1.0;0.0;0.0;0.47619047619047616;0.16666666666666666;0.0;0.0;0.0
LU0044957727_2779;AB FCP I-AMER.INC.A/SH USD;Luxembourg;0.0;0.0;0.0;0.0;0.0;0.0;0.0;0.0
LU0044957990_431;AB I Am Inc/Ut Cl-B USD;Luxembourg;0.0;0.0;0.0;0.0;0.0;0.0;0.0;0.0
LU0044958022_431;AB FCP I-AMER.INC.C/USD;Luxembourg;0.0;0.0;0.0;0.0;0.0;0.0;0.0;0.0
LU0047987325_2779;AB SIC.I-INDIA GR.A/SH USD;Luxembourg;0.0;0.0;0.0;0.0;0.0;0.0;0.0;0.0
LU0048215999_431;AB I India Gr/Sh Cl-BX USD;Luxembourg;0.0;0.0;0.0;0.0;0.0;0.0;0.0;0.0
LU0048388663_13;SCHRODER ISF-ASIAN/SH USD;Luxembourg;1.0;0.0;0.0;1.0;0.16666666666666666;0.0;1.0;1.0
LU0048423833_2779;PRO FONDS (LUX)/SH EUR;Luxembourg;1.0;0.0;0.0;1.0;0.5;0.0;1.0;1.0
LU0048423916_611;PRO FONDS (LUX)/CHF;Luxembourg;1.0;0.0;0.0;1.0;0.5;0.0;1.0;1.0
LU0048424138_17;PRO FONDS (LUX)/SH CHF;Luxembourg;1.0;0.0;0.0;1.0;0.5;0.0;1.0;1.0
LU0049853897_16;SCHRODER/SH USD;Luxembourg;1.0;0.0;0.0;1.0;0.16666666666666666;0.0;1.0;1.0
LU0049910796_354;BIL INVEST/EUR;Luxembourg;1.0;1.0;1.0;0.8571428571428571;0.0;0.5;1.0;1.0
LU0049911091_430;BIL INVEST/EUR;Luxembourg;1.0;1.0;1.0;0.8571428571428571;0.0;0.5;1.0;1.0
LU0049911844_354;BIL INVEST/EUR;Luxembourg;1.0;1.0;1.0;0.8571428571428571;0.0;0.5;1.0;1.0
LU0049912065_354;BIL INVEST/EUR;Luxembourg;1.0;1.0;1.0;0.8571428571428571;0.0;0.5;1.0;1.0
LU0050126431_431;GS FDS-ASIA EQ/SH USD;Luxembourg;1.0;0.0;0.0;0.47619047619047616;0.16666666666666666;0.0;0.0;0.0
LU0050692549_431;AB FCP I-MORTG.INC/USD;Luxembourg;0.0;0.0;0.0;0.0;0.0;0.0;0.0;0.0
LU0050693513_431;AB I Mort Inc/Ut Cl-BX USD;Luxembourg;0.0;0.0;0.0;0.0;0.0;0.0;0.0;0.0
LU0050693943_431;AB FCP I-MORTG.INC/USD;Luxembourg;0.0;0.0;0.0;0.0;0.0;0.0;0.0;0.0
LU0051128774_431;GOLD.SACHS EM MK.EN/SH USD;Luxembourg;1.0;0.0;0.0;0.14285714285714285;0.5;0.0;0.0;0.0
LU0051128931_431;GOLD.SACHS EM MK.EN/SH USD;Luxembourg;1.0;0.0;0.0;0.14285714285714285;0.5;0.0;0.0;0.0
LU0051129079_431;GOLDMAN SACHS-AS/USD;Luxembourg;0.0;0.0;0.0;0.0;0.0;0.0;0.0;0.0
LU0051129152_431;GOLDMAN SACHS-AS/USD;Luxembourg;0.0;0.0;0.0;0.0;0.0;0.0;0.0;0.0
LU0052864419_431;INVESCO FDS-INV.GLO/SH USD;Luxembourg;1.0;1.0;1.0;1.0;0.0;1.0;1.0;1.0
LU0053671581_2913;JPMORGAN-US SMALL/SH USD;Luxembourg;0.0;0.0;0.0;0.0;0.16666666666666666;0.0;0.0;0.0
LU0053685615_18;JPMORGAN-EMERGING/SH USD;Luxembourg;0.0;0.0;0.0;0.0;0.16666666666666666;0.0;0.0;0.0
LU0054300461_246;LEMANIK-ASIAN OPPOR/EUR;Luxembourg;0.0;0.0;0.0;0.0;0.0;0.0;0.0;0.0
LU0054403190_431;AB SICAV I-AMER.GR./USD;Luxembourg;0.0;0.0;0.0;0.0;0.0;0.0;0.0;0.0
LU0054548911_431;AB FCP I-AMER.INC.C/USD;Luxembourg;0.0;0.0;0.0;0.0;0.0;0.0;0.0;0.0
LU0054846695_431;AB FCP I-EM.M.GR.C/USD;Luxembourg;0.0;0.0;0.0;0.0;0.0;0.0;0.0;0.0
LU0056052961_16;CANDRIAM EQUITIES L/SH EUR;Luxembourg;1.0;0.0;0.0;0.8095238095238095;0.5;0.0;0.0;0.0
LU0056053001_16;CANDRIAM EQUITIES/SH EUR;Luxembourg;1.0;0.0;0.0;0.8095238095238095;0.5;0.0;0.0;0.0
LU0057025933_16;AB SIC.I-SUS GLO/SH USD;Luxembourg;1.0;0.0;0.0;1.0;0.3333333333333333;0.0;1.0;1.0
LU0057026071_431;AB I Sus Gl Th/Sh Cl-BX USD;Luxembourg;1.0;0.0;0.0;1.0;0.3333333333333333;0.0;1.0;1.0
LU0058720904_15;AB SIC.I-INT.HEALTH/SH USD;Luxembourg;0.0;0.0;0.0;0.0;0.0;0.0;0.0;0.0
LU0058721035_431;AB I Intl HC/Sh Cl-B USD;Luxembourg;0.0;0.0;0.0;0.0;0.0;0.0;0.0;0.0
LU0060230025_2913;AB SIC.I-INT.TECH.A/SH USD;Luxembourg;0.0;0.0;0.0;0.0;0.0;0.0;0.0;0.0
LU0061928585_2913;OEKOWORLD-OEKOVISIO/SH EUR;Luxembourg;1.0;0.0;1.0;1.0;0.3333333333333333;0.0;1.0;1.0
LU0062903967_431;SCHRODER/USD;Luxembourg;1.0;0.0;0.0;1.0;0.16666666666666666;0.0;1.0;1.0
LU0062906986_431;SCHRODER ISF-ASIAN/USD;Luxembourg;1.0;0.0;0.0;1.0;0.16666666666666666;0.0;1.0;1.0
LU0067059799_2913;DNB FUND-ASIAN MID/SH EUR;Luxembourg;0.0;0.0;0.0;0.0;0.0;0.0;0.0;0.0
LU0077500055_18;CANDRIAM BONDS-EURO/SH EUR;Luxembourg;1.0;0.0;0.0;0.8095238095238095;0.5;1.0;0.0;0.0
LU0094967261_708;GOLDMAN SACHS-CZECH/CZK;Luxembourg;0.0;0.0;0.0;0.0;0.0;0.0;0.0;0.0
LU0094967691_3235;GOLDMAN SACHS-CZ.CR/CZK;Luxembourg;0.0;0.0;0.0;0.0;0.0;0.0;0.0;0.0
LU0095053426_2913;PICTET-JAPANESE EQ./SH JPY;Luxembourg;1.0;1.0;0.0;1.0;0.0;1.0;1.0;1.0
NL0000215366_2732;Belfds. Zonnewi/Sh NLG;Netherlands;0.0;0.0;0.0;0.0;0.0;0.0;0.0;0.0
NL0000286441_3313;Goldman Sachs F/Sh EUR;Netherlands;1.0;0.0;0.0;0.047619047619047616;0.0;1.0;0.0;0.0
NL0000289627_3313;ORANGE FUND/Sh EUR;Netherlands;1.0;0.0;0.0;0.8571428571428571;0.0;0.0;0.0;0.0
NL0000289858_3313;Goldman Sachs H/Sh EUR;Netherlands;1.0;0.0;0.0;0.047619047619047616;0.0;0.0;0.0;0.0
NL0000292225_3313;Goldman Sachs E/Sh EUR;Netherlands;1.0;0.0;0.0;0.047619047619047616;0.0;0.0;0.0;0.0
NL0000293348_2732;KEMPEN EUROPEAN/Sh EUR;Netherlands;1.0;0.0;0.0;0.8571428571428571;0.0;0.0;0.0;0.0
NL0000442101_3230;Goldman Sachs E/Sh EUR;Netherlands;1.0;0.0;0.0;0.047619047619047616;0.0;1.0;0.0;0.0
NL0001130481_3313;Sov Bd Fd NL/Ut Cl-T CAP EUR;Netherlands;0.0;0.0;0.0;0.0;0.0;1.0;0.0;0.0
NL0001130499_3313;Sov LT Bd F NL/Ut Cl-I CAP EUR;Netherlands;0.0;0.0;0.0;0.0;0.0;1.0;0.0;0.0
NL0006089229_3313;KEMPEN GLOBAL H/Sh EUR;Netherlands;1.0;0.0;0.0;0.8571428571428571;0.6666666666666666;0.0;0.0;0.0
NL0006294092_3313;BNP Paribas Arb/Sh Vtg FPd;Netherlands;1.0;0.0;0.0;1.0;0.3333333333333333;0.0;1.0;1.0
NL0006294167_3313;BNP GLOBAL HIGH/Sh EUR;Netherlands;1.0;1.0;0.0;1.0;0.5;1.0;1.0;1.0
NL0006311771_3313;Goldman Sachs E/Sh EUR;Netherlands;1.0;0.0;0.0;0.14285714285714285;0.5;0.0;0.0;0.0
NL0006311797_3313;Goldman Sachs E/Sh EUR;Netherlands;0.0;0.0;0.0;0.0;0.0;1.0;0.0;0.0
NL0006311813_3313;Goldman Sachs G/Sh EUR;Netherlands;1.0;0.0;0.0;0.047619047619047616;0.0;0.0;0.0;0.0
NL0006311839_3230;Goldman Sachs G/Sh EUR;Netherlands;0.0;0.0;0.0;0.0;0.0;1.0;0.0;0.0
NL0006311847_3230;ING Onroerend G/Sh EUR;Netherlands;1.0;0.0;0.0;0.047619047619047616;0.0;0.0;0.0;0.0
NL0009272764_2913;VanEck ETFs N.V/Ut EUR;Netherlands;1.0;0.0;0.0;0.2857142857142857;0.0;0.0;1.0;1.0
NL0009272772_2913;VanEck ETFs N.V/Ut EUR;Netherlands;1.0;0.0;0.0;0.2857142857142857;0.0;0.0;1.0;1.0
NL0009272780_2913;VanEck ETFs N.V/Ut EUR;Netherlands;1.0;0.0;0.0;0.2857142857142857;0.0;0.0;1.0;1.0
NL0009676899_3313;Pens Fds 1-2 NL/Ut Cl-U CAP EUR;Netherlands;0.0;0.0;0.0;0.0;0.0;1.0;0.0;0.0
NL0009676907_3313;Pens Fds 3-4 NL/Ut Cl-U CAP EUR;Netherlands;0.0;0.0;0.0;0.0;0.0;1.0;0.0;0.0
NL0009676915_2020;Pens Fds 5-7/Ut Cl-U CAP EUR;Netherlands;0.0;0.0;0.0;0.0;0.0;1.0;0.0;0.0
NL0009676923_3313;Pens Fd 8-10 NL/Ut Cl-U CAP EUR;Netherlands;0.0;0.0;0.0;0.0;0.0;1.0;0.0;0.0
NL0009676931_2021;Pen Fd 11-15 NL/Ut Cl-U CAP EUR;Netherlands;0.0;0.0;0.0;0.0;0.0;1.0;0.0;0.0
NL0009676949_2020;Pens Fds 15+ NL/Ut Cl-U CAP EUR;Netherlands;0.0;0.0;0.0;0.0;0.0;1.0;0.0;0.0
NL0009690239_2913;VanEck ETFs N.V/Sh EUR;Netherlands;0.0;0.0;0.0;0.0;0.0;0.0;0.0;0.0
NL0009690247_2913;VanEck ETFs N.V/Ut EUR;Netherlands;0.0;0.0;0.0;0.2857142857142857;0.0;0.0;1.0;1.0
NL0009864487_3230;PHOENIX FUND/EUR;Netherlands;0.0;0.0;0.0;0.0;0.0;0.0;0.0;0.0
NL0010066197_2020;OHPEN B.V./EUR;Netherlands;0.0;0.0;0.0;0.0;0.3333333333333333;0.0;0.0;0.0
NL0010066205_2020;OHPEN B.V./EUR;Netherlands;0.0;0.0;0.0;0.0;0.3333333333333333;0.0;0.0;0.0
NL0010066213_2020;OHPEN B.V./EUR;Netherlands;0.0;0.0;0.0;0.0;0.3333333333333333;0.0;0.0;0.0
NL0010066221_2020;OHPEN B.V./EUR;Netherlands;0.0;0.0;0.0;0.0;0.3333333333333333;0.0;0.0;0.0
NL0010066239_2020;OHPEN B.V./EUR;Netherlands;0.0;0.0;0.0;0.0;0.3333333333333333;0.0;0.0;0.0
NL0010066247_2020;OHPEN B.V./EUR;Netherlands;0.0;0.0;0.0;0.0;0.3333333333333333;0.0;0.0;0.0
NL0010066254_3313;OHPEN B.V./EUR;Netherlands;0.0;0.0;0.0;0.0;0.3333333333333333;0.0;0.0;0.0
NL0010066262_2020;OHPEN B.V./EUR;Netherlands;0.0;0.0;0.0;0.0;0.3333333333333333;0.0;0.0;0.0
NL0010066270_2020;OHPEN B.V./EUR;Netherlands;0.0;0.0;0.0;0.0;0.3333333333333333;0.0;0.0;0.0
NL0010290540_3313;Duration Matchi/EUR;Netherlands;0.0;0.0;0.0;0.0;0.0;1.0;0.0;0.0
NL0010290557_3313;Duration Matchi/EUR;Netherlands;0.0;0.0;0.0;0.0;0.0;1.0;0.0;0.0
NL0010290565_3313;Duration Matchi/EUR;Netherlands;0.0;0.0;0.0;0.0;0.0;1.0;0.0;0.0
NL0010408704_2913;VanEck ETFs N.V/Ut EUR;Netherlands;1.0;0.0;0.0;0.0;0.0;0.0;1.0;1.0
NL0010489316_3230;DELTA LLOYD ASS/Sh Vtg FPd;Netherlands;0.0;0.0;0.0;0.0;0.0;0.0;0.0;0.0
NL0010489373_3313;Goldman Sachs S/Sh Vtg FPd;Netherlands;0.0;0.0;0.0;0.0;0.0;1.0;0.0;0.0
NL0010583415_3313;Goldman Sachs E/Sh Vtg FPd;Netherlands;1.0;0.0;0.0;0.047619047619047616;0.0;1.0;0.0;0.0
NL0010610309_487;KEMPEN PROFIELF/EUR;Netherlands;1.0;0.0;0.0;0.3333333333333333;0.0;0.5;0.0;0.0
NL0010621934_3313;Goldman Sachs G/EUR;Netherlands;1.0;0.0;0.0;0.047619047619047616;0.0;0.0;0.0;0.0
NL0010731816_2913;VanEck Vectors /Ut EUR;Netherlands;1.0;0.0;0.0;0.0;0.0;0.0;1.0;1.0
NO0010102866_337;DNB Grnt Skifte Norden A;Norway;1.0;0.0;0.0;0.5714285714285714;0.5;0.0;0.0;0.0
NO0010827306_337;DNBGRNTNORDEN/EQ. FD;Norway;1.0;0.0;0.0;0.5714285714285714;0.5;0.0;0.0;0.0
NO0010827819_664;DNB Teknologi S;Norway;0.0;0.0;0.0;0.47619047619047616;0.0;1.0;0.0;0.0
NO0010848997_337;DNB Low Ca Cred/IN FDS;Norway;0.0;0.0;0.0;0.47619047619047616;0.0;1.0;0.0;0.0
NO0010875438_664;DNBGRNTNORDEN/EQ. FD;Norway;1.0;0.0;0.0;0.5714285714285714;0.5;0.0;0.0;0.0
NO0012525585_337;VERDIPAPIRFONDE/FD;Norway;0.0;0.0;0.0;0.47619047619047616;0.0;1.0;0.0;0.0
NO0012525593_2021;VERDIPAPIRFONDE/EQ. FD;Norway;0.0;0.0;0.0;0.47619047619047616;0.0;1.0;0.0;0.0
NO0012525601_337;VERDIPAPIRFONDE/EQ. FD;Norway;0.0;0.0;0.0;0.47619047619047616;0.0;1.0;0.0;0.0
NO0012727223_664;VERDIPAPIRFONDE/EQ. FD;Norway;0.0;0.0;0.0;0.47619047619047616;0.0;1.0;0.0;0.0
NO0012765991_2021;DNBGLOBAL(IV/EQ. FD;Norway;0.0;0.0;0.0;0.47619047619047616;0.0;1.0;0.0;0.0
NO0012766007_2021;DNBGLOBAL(IV/EQ. FD;Norway;0.0;0.0;0.0;0.47619047619047616;0.0;1.0;0.0;0.0
NO0012766015_2021;DNBGLOBAL(IV/EQ. FD;Norway;0.0;0.0;0.0;0.47619047619047616;0.0;1.0;0.0;0.0
NO0012766023_2021;DNBGLOBAL(IV/EQ. FD;Norway;0.0;0.0;0.0;0.47619047619047616;0.0;1.0;0.0;0.0
NO0012766031_2021;DNBGLOBAL(IV/EQ. FD;Norway;0.0;0.0;0.0;0.47619047619047616;0.0;1.0;0.0;0.0
NO0012766080_2021;DNB Global Emerging Markets L;Norway;0.0;0.0;0.0;0.47619047619047616;0.0;1.0;0.0;0.0
NO0012766130_337;VERDIPAPIRFONDE/EQ. FD;Norway;0.0;0.0;0.0;0.47619047619047616;0.0;1.0;0.0;0.0
NO0012766148_2020;VERDIPAPIRFONDE/EQ. FD;Norway;0.0;0.0;0.0;0.47619047619047616;0.0;1.0;0.0;0.0
NO0012766213_337;DNB Global Emerging Markets B;Norway;0.0;0.0;0.0;0.47619047619047616;0.0;1.0;0.0;0.0
NO0012766221_337;DNBGRNTNORDEN/EQ. FD;Norway;1.0;0.0;0.0;0.5714285714285714;0.5;0.0;0.0;0.0
NO0012766254_2020;VERDIPAPIRFONDE/EQ. FD;Norway;0.0;0.0;0.0;0.47619047619047616;0.0;1.0;0.0;0.0
NO0012766338_337;DNB G LAVKARBON/EQ. FD;Norway;0.0;0.0;0.0;0.47619047619047616;0.0;1.0;0.0;0.0
NO0012766346_2021;DNB G LAVKARBON/EQ. FD;Norway;0.0;0.0;0.0;0.47619047619047616;0.0;1.0;0.0;0.0
NO0012766353_2021;DNB G LAVKARBON/EQ. FD;Norway;0.0;0.0;0.0;0.47619047619047616;0.0;1.0;0.0;0.0
NO0012766361_2021;DNB G LAVKARBON/EQ. FD;Norway;0.0;0.0;0.0;0.47619047619047616;0.0;1.0;0.0;0.0
NO0012766379_2020;DNB G LAVKARBON/EQ. FD;Norway;0.0;0.0;0.0;0.47619047619047616;0.0;1.0;0.0;0.0
NO0012766387_337;DNB G LAVKARBON/EQ. FD;Norway;0.0;0.0;0.0;0.47619047619047616;0.0;1.0;0.0;0.0
NO0012771163_337;DNB OBLIGASJON/IN FDS;Norway;0.0;0.0;0.0;0.47619047619047616;0.0;1.0;0.0;0.0
NO0012771403_337;DNB Low Ca Cred/IN FDS;Norway;0.0;0.0;0.0;0.47619047619047616;0.0;1.0;0.0;0.0
NO0012771411_2021;DNB Low Ca Cred/IN FDS;Norway;0.0;0.0;0.0;0.47619047619047616;0.0;1.0;0.0;0.0
NO0012771429_2021;DNB Low Ca Cred/IN FDS;Norway;0.0;0.0;0.0;0.47619047619047616;0.0;1.0;0.0;0.0
NO0012771437_2021;DNB Low Ca Cred/IN FDS;Norway;0.0;0.0;0.0;0.47619047619047616;0.0;1.0;0.0;0.0
NO0012771445_2021;DNB Low Ca Cred/IN FDS;Norway;0.0;0.0;0.0;0.47619047619047616;0.0;1.0;0.0;0.0
NO0012771452_2021;DNB Low Ca Cred/IN FDS;Norway;0.0;0.0;0.0;0.47619047619047616;0.0;1.0;0.0;0.0
NO0012778408_2020;DNBGLOBAL(IV/EQ. FD;Norway;0.0;0.0;0.0;0.47619047619047616;0.0;1.0;0.0;0.0
NO0012778424_2021;DNBGRNTNORDEN/EQ. FD;Norway;1.0;0.0;0.0;0.5714285714285714;0.5;0.0;0.0;0.0
NO0012778523_337;DNBKREDITTOBLIG/IN FDS;Norway;0.0;0.0;0.0;0.47619047619047616;0.0;1.0;0.0;0.0
NO0012778531_337;DNBOBLIGASJOIII/IN FDS;Norway;0.0;0.0;0.0;0.47619047619047616;0.0;1.0;0.0;0.0
NO0012778564_2021;DNB Low Ca Cred/IN FDS;Norway;0.0;0.0;0.0;0.47619047619047616;0.0;1.0;0.0;0.0
NO0012778648_2021;DNB Health Care D;Norway;0.0;0.0;0.0;0.47619047619047616;0.0;1.0;0.0;0.0
NO0012778655_2020;DNB Finans D;Norway;0.0;0.0;0.0;0.47619047619047616;0.0;1.0;0.0;0.0
SE0000912057_648;BRUMMER MULTI STRATE/;Sweden;0.0;1.0;0.0;0.14285714285714285;0.0;0.0;0.0;0.0
SE0000987307_3313;BRUMMER MULTI EUR/;Sweden;0.0;1.0;0.0;0.14285714285714285;0.0;0.0;0.0;0.0
SE0002584235_3313;BRUMMER MULTI 2XL/;Sweden;0.0;1.0;0.0;0.14285714285714285;0.0;0.0;0.0;0.0
SE0005099983_648;BRUMMER MULTIUTDELAN/;Sweden;0.0;1.0;0.0;0.14285714285714285;0.0;0.0;0.0;0.0
SE0006594388_3313;BRUMMER MULTI NOK/;Sweden;0.0;1.0;0.0;0.14285714285714285;0.0;0.0;0.0;0.0
SE0008092381_3313;FONDNAVIGATOR 0-100/A;Sweden;1.0;0.0;0.0;0.14285714285714285;0.0;0.0;0.0;0.0
SE0013749397_3313;PLACERUM DYNAMISK/A;Sweden;0.0;0.0;0.0;0.09523809523809523;0.3333333333333333;0.0;0.0;0.0
SE0013749405_664;PLACERUM DYNAMISK/B;Sweden;0.0;0.0;0.0;0.09523809523809523;0.3333333333333333;0.0;0.0;0.0
SE0017767692_3313;FONDNAVI 0-100 OFFEN/;Sweden;1.0;0.0;0.0;0.14285714285714285;0.0;0.0;0.0;0.0
SE0017767700_3313;FONDNAVI 0-100 DEFEN/;Sweden;1.0;0.0;0.0;0.14285714285714285;0.0;0.0;0.0;0.0
US9219361006_1630;VANGUARD PRIMEC/SH;United States;1.0;1.0;0.0;0.6190476190476191;0.5;1.0;0.0;0.0
